cuest_id_b,cuest_id,time,parcela,cultivo,age,gender,superf_parcela_has,Y,X,provparcela_cod,munparcela_cod,month_siembra,year_siembra,since_siembra,temporary_crop,month_harvest,year_harvest,VP_HA,treat_status_fu,patca
276,H0951,1. Follow-up1,11,pasto,47,Male,3.1439996,19.528879,-71.460136,dajabón,partido,mayo,2014,2014,0,,,0,0. Pure Control,0
276,H0951,1. Follow-up1,11,pasto,47,Male,3.1439996,19.528879,-71.460136,dajabón,partido,marzo,2008,2006,0,,,0,0. Pure Control,0
389,H1213,1. Follow-up1,11,mango,63,Male,1.6977597,18.291666,-70.325005,peravia,villa fundacion,abril,2004,2004,0,,,964.1432495,0. Pure Control,0
393,H1217,1. Follow-up1,11,mango,58,Male,4.0871997,18.229546,-70.459127,peravia,matanzas,mayo,2005,2005,0,,,758.8236084,0. Pure Control,0
466,H1200,1. Follow-up1,11,plátano,51,Male,2.5151997,18.218817,-70.496776,peravia,matanzas,mayo,2014,1998,0,,,1712.622803,0. Pure Control,0
481,H1214,1. Follow-up1,11,pasto,40,Male,6.099359,18.29356,-70.323998,peravia,villa fundacion,marzo,2001,2001,0,,,0,0. Pure Control,0
515,H1218,1. Follow-up1,11,plátano,44,Male,1.8863997,18.225482,-70.451204,peravia,bani,marzo,2012,2012,0,,,456.6994019,0. Pure Control,0
544,H1216,1. Follow-up1,11,plátano,53,Male,5.5963192,18.404163,-70.294353,peravia,sabana buey,septiembre,2014,1996,0,,,15706.09863,0. Pure Control,0
568,H1201,1. Follow-up1,11,mango,59,Male,3.5841596,18.219846,-70.486276,peravia,bani,junio,2013,2013,0,,,513.7868652,0. Pure Control,0
568,H1201,1. Follow-up1,11,plátano,59,Male,3.5841596,18.219846,-70.486276,peravia,bani,enero,2013,2007,0,,,513.7868652,0. Pure Control,0
793,H1197,1. Follow-up1,12,guineo,61,Male,5.0303993,19.729422,-71.587029,monte cristi,pepillo salcedo manzanillo,mayo,2004,2004,0,,,13802.37012,0. Pure Control,0
793,H1197,1. Follow-up1,11,guineo,61,Male,1.2575998,19.728777,-71.601699,monte cristi,pepillo salcedo manzanillo,noviembre,2010,2004,0,,,13802.37012,0. Pure Control,0
949,H1702,1. Follow-up1,12,aguacate,65,Male,0.94319987,18.614407,-70.730096,azua,peralta,abril,2001,2001,0,,,392.7614746,1. Contaminated Control,0
949,H1702,1. Follow-up1,11,habichuela negra,65,Male,4.0871997,18.610898,-70.728301,azua,peralta,abril,2014,2012,1,diciembre,,392.7614746,1. Contaminated Control,0
949,H1702,1. Follow-up1,11,habichuela negra,65,Male,4.0871997,18.610898,-70.728301,azua,peralta,septiembre,2014,2012,1,julio,,392.7614746,1. Contaminated Control,0
949,H1702,1. Follow-up1,11,cafe,65,Male,4.0871997,18.610898,-70.728301,azua,peralta,febrero,1978,1978,0,,,392.7614746,1. Contaminated Control,0
1108,H0848,1. Follow-up1,11,plátano,62,Male,1.8863997,19.3168,-70.505895,la vega,concepcion de la vega,febrero,2011,1990,0,,,3767.770264,0. Pure Control,0
1109,H0851,1. Follow-up1,21,berenjenas chinas,33,Male,0.94319987,19.31678,-70.504563,la vega,concepcion de la vega,marzo,2014,2013,1,diciembre,,3881.945068,0. Pure Control,0
1148,H0833,1. Follow-up1,11,plátano,56,Male,1.8863997,19.37886,-70.326825,la vega,concepcion de la vega,marzo,2013,2012,0,,,2055.147461,0. Pure Control,0
1150,H0852,1. Follow-up1,11,yuca,72,Male,1.1318399,19.218753,-70.491992,la vega,concepcion de la vega,marzo,2014,1995,1,diciembre,,4566.994141,0. Pure Control,0
1165,H0850,1. Follow-up1,21,yuca,54,Male,0.62879992,19.217233,-70.475222,la vega,concepcion de la vega,febrero,2014,2010,1,diciembre,,4452.819336,0. Pure Control,0
1166,H0844,1. Follow-up1,21,plátano,29,Male,1.8863997,19.290758,-70.490652,la vega,concepcion de la vega,febrero,2014,2007,0,,,3236.857178,0. Pure Control,0
1168,H0849,1. Follow-up1,11,cundeamor chino,77,Male,1.2575998,19.222808,-70.477045,la vega,concepcion de la vega,agosto,2014,1994,1,marzo,,6336.70459,0. Pure Control,0
1168,H0849,1. Follow-up1,11,berenjenas chinas,77,Male,1.2575998,19.222808,-70.477045,la vega,concepcion de la vega,enero,2014,1994,1,julio,,6336.70459,0. Pure Control,0
1271,H0842,1. Follow-up1,11,plátano,75,Female,7.2311993,19.304067,-70.501638,la vega,concepcion de la vega,no recuerda,2013,9999,0,,,893.5422974,0. Pure Control,0
1316,H0913,1. Follow-up1,11,chinola,43,Male,1.5719998,18.859096,-70.365789,monseñor nouel,villa de sonador,marzo,2014,2014,0,,,712.2277222,0. Pure Control,0
1316,H0913,1. Follow-up1,11,yautia,43,Male,1.5719998,18.859096,-70.365789,monseñor nouel,villa de sonador,febrero,2014,2013,1,septiembre,,712.2277222,0. Pure Control,0
1316,H0913,1. Follow-up1,11,guandul,43,Male,1.5719998,18.859096,-70.365789,monseñor nouel,villa de sonador,abril,2014,2014,1,diciembre,,712.2277222,0. Pure Control,0
1316,H0913,1. Follow-up1,11,oregano,43,Male,1.5719998,18.859096,-70.365789,monseñor nouel,villa de sonador,febrero,2014,2013,1,septiembre,,712.2277222,0. Pure Control,0
1316,H0913,1. Follow-up1,11,yuca,43,Male,1.5719998,18.859096,-70.365789,monseñor nouel,villa de sonador,febrero,2014,2012,1,septiembre,,712.2277222,0. Pure Control,0
1324,H0854,1. Follow-up1,21,yuca,37,Male,1.8863997,19.116396,-70.607173,la vega,concepcion de la vega,enero,2014,2002,1,noviembre,,4452.819336,0. Pure Control,0
1364,H0902,1. Follow-up1,11,oregano,60,Male,1.8863997,18.813265,-70.417193,monseñor nouel,villa de sonador,julio,2014,2013,1,diciembre,,1027.57373,0. Pure Control,0
1412,H0887,1. Follow-up1,21,tomate ensalada,23,Male,1.8863997,19.226785,-70.670206,la vega,concepcion de la vega,enero,2014,2010,1,junio,,12701.95313,0. Pure Control,0
1412,H0887,1. Follow-up1,21,tomate ensalada,23,Male,1.8863997,19.226785,-70.670206,la vega,concepcion de la vega,julio,2014,2009,1,diciembre,,12701.95313,0. Pure Control,0
1413,H0883,1. Follow-up1,11,tomate ensalada,45,Male,1.8863997,19.229812,-70.668641,la vega,concepcion de la vega,agosto,2014,2007,1,diciembre,,12787.58398,0. Pure Control,0
1414,H0881,1. Follow-up1,21,tomate ensalada,65,Male,1.8863997,19.22507,-70.650963,la vega,concepcion de la vega,febrero,2014,2000,1,junio,,12930.30273,0. Pure Control,0
1414,H0881,1. Follow-up1,21,tomate ensalada,65,Male,1.8863997,19.22507,-70.650963,la vega,concepcion de la vega,agosto,2014,2000,1,diciembre,,12930.30273,0. Pure Control,0
1544,H0859,1. Follow-up1,11,plátano,50,Female,1.5091197,19.299296,-70.602851,la vega,concepcion de la vega,no recuerda,2010,2010,0,,,2247.817627,0. Pure Control,0
1657,H0939,1. Follow-up1,11,auyama,64,Male,1.8863997,19.451326,-70.419823,maría trinidad sánchez,salcedo,marzo,2014,2000,1,abril,,685.0491333,0. Pure Control,0
1659,H0940,1. Follow-up1,11,habichuela roja,62,Male,1.2575998,19.470979,-70.416321,hermanas mirabal,salcedo,abril,2015,2000,1,julio,,308.2721252,0. Pure Control,0
1660,H0938,1. Follow-up1,11,yuca,40,Male,1.8863997,19.352806,-70.403158,hermanas mirabal,salcedo,enero,2014,2000,1,diciembre,,1050.408691,0. Pure Control,0
1661,H0945,1. Follow-up1,11,plátano,50,Male,1.2575998,19.340843,-70.380528,hermanas mirabal,salcedo,no recuerda,2010,2000,0,,,1027.57373,0. Pure Control,0
1662,H0944,1. Follow-up1,11,tindora,55,Male,0.44015995,19.351541,-70.428728,hermanas mirabal,salcedo,no recuerda,2013,2009,0,,,40828.92969,0. Pure Control,0
2082,H1152,1. Follow-up1,11,pasto,40,Male,1.8863997,19.680281,-71.039759,valverde,maizal,abril,2003,2003,0,,,0,0. Pure Control,0
2153,H1139,1. Follow-up1,11,pasto,66,Male,4.0871997,19.68034,-71.032907,valverde,esperanza,no recuerda,1996,1980,0,,,0,0. Pure Control,0
2154,H1129,1. Follow-up1,11,pasto,50,Male,5.3447995,19.634896,-71.00614,valverde,maizal,abril,1992,1992,0,,,0,0. Pure Control,0
2157,H1146,1. Follow-up1,11,pasto,74,Male,1.8863997,19.683488,-71.036182,valverde,maizal,mayo,1999,1999,0,,,0,0. Pure Control,0
2158,H1151,1. Follow-up1,11,tabaco,37,Female,3.7727995,19.674784,-71.019712,valverde,laguna salada,noviembre,2014,2010,1,octubre,,2637.439209,0. Pure Control,0
2163,H1150,1. Follow-up1,12,pasto,44,Female,2.8295996,19.686546,-71.037601,valverde,laguna salada,enero,2014,2014,0,,,0,0. Pure Control,0
2163,H1150,1. Follow-up1,11,,44,Female,3.7727995,19.684824,-71.037008,valverde,laguna salada,,,,0,,,0,0. Pure Control,0
2164,H1158,1. Follow-up1,11,pasto,39,Male,4.4015994,19.683826,-71.036517,valverde,maizal,mayo,2008,2008,0,,,0,0. Pure Control,0
2168,H1148,1. Follow-up1,11,pasto,66,Male,4.0871997,19.680676,-71.033019,valverde,maizal,no recuerda,1998,1998,0,,,0,0. Pure Control,0
2172,H1128,1. Follow-up1,11,tabaco,41,Male,3.3955195,19.65196,-71.034998,valverde,maizal,octubre,2014,2014,1,marzo,,3139.808594,0. Pure Control,0
2239,H1145,1. Follow-up1,11,guineo,36,Male,2.6409597,19.564009,-70.939191,valverde,esperanza,enero,2012,2012,0,,,6850.491211,0. Pure Control,0
2252,H1192,1. Follow-up1,11,plátano,33,Male,3.1439996,19.800418,-71.579888,monte cristi,san fernando montecristi,noviembre,2014,2014,0,,,0,0. Pure Control,0
2256,H1111,1. Follow-up1,11,pasto,51,Male,25.151997,19.483813,-71.384062,santiago rodriguez,san ignacio de sabaneta,no recuerda,1984,1984,0,,,0,0. Pure Control,0
2259,H1040,1. Follow-up1,11,pasto,43,Male,6.2879992,19.454658,-71.322015,santiago rodriguez,san ignacio de sabaneta,no recuerda,2012,2012,0,,,0,0. Pure Control,0
2261,H1115,1. Follow-up1,11,pasto,70,Male,8.1743994,19.479418,-71.271045,santiago rodriguez,san ignacio de sabaneta,no recuerda,1975,1975,0,,,0,0. Pure Control,0
2264,H1084,1. Follow-up1,11,pasto,54,Male,1.8863997,19.454456,-71.364475,santiago rodriguez,san ignacio de sabaneta,no recuerda,2004,2004,0,,,0,0. Pure Control,0
2265,H1112,1. Follow-up1,11,pasto,37,Male,16.914719,19.54862,-71.404536,santiago rodriguez,san ignacio de sabaneta,no recuerda,1998,1998,0,,,0,0. Pure Control,0
2265,H1112,1. Follow-up1,13,pasto,37,Male,1.2575998,19.556744,-71.39803,santiago rodriguez,san ignacio de sabaneta,no recuerda,1998,1998,0,,,0,0. Pure Control,0
2265,H1112,1. Follow-up1,12,pasto,37,Male,2.2007997,19.54861,-71.404581,santiago rodriguez,san ignacio de sabaneta,no recuerda,1998,1998,0,,,0,0. Pure Control,0
2268,H1079,1. Follow-up1,11,pasto,60,Male,2.0750396,19.430139,-71.437254,santiago rodriguez,san ignacio de sabaneta,no recuerda,1985,1985,0,,,0,0. Pure Control,0
2362,H1193,1. Follow-up1,11,pasto,66,Male,6.2879992,19.672642,-71.678596,monte cristi,pepillo salcedo manzanillo,enero,1975,1975,0,,,0,0. Pure Control,0
2380,H0992,1. Follow-up1,21,pasto,27,Male,5.7849593,19.53076,-71.449379,dajabón,partido,mayo,2013,2013,0,,,0,0. Pure Control,0
2380,H0992,1. Follow-up1,22,pasto,27,Male,5.7849593,19.530489,-71.449219,dajabón,partido,junio,2013,2013,0,,,0,0. Pure Control,0
2380,H0992,1. Follow-up1,21,pasto,27,Male,5.7849593,19.53076,-71.449379,dajabón,partido,agosto,2013,2013,0,,,0,0. Pure Control,0
2390,H0983,1. Follow-up1,13,pasto,61,Male,6.2879992,19.55143,-71.537682,dajabón,dajabon,mayo,2012,1995,0,,,0,0. Pure Control,0
2390,H0983,1. Follow-up1,12,pasto,61,Male,9.4319992,19.55032,-71.539886,dajabón,dajabon,marzo,1975,1970,0,,,0,0. Pure Control,0
2390,H0983,1. Follow-up1,11,pasto,61,Male,10.563839,19.551079,-71.53772,dajabón,dajabon,junio,2014,1995,0,,,0,0. Pure Control,0
2436,H0969,1. Follow-up1,11,pasto,54,Male,12.575998,19.549089,-71.510147,dajabón,partido,mayo,2010,2010,0,,,346.8061218,0. Pure Control,0
2436,H0969,1. Follow-up1,11,pasto,54,Male,12.575998,19.549089,-71.510147,dajabón,partido,junio,1978,1978,0,,,346.8061218,0. Pure Control,0
2436,H0969,1. Follow-up1,13,pasto,54,Male,5.6591992,19.548059,-71.522911,dajabón,partido,junio,2000,1978,0,,,346.8061218,0. Pure Control,0
2436,H0969,1. Follow-up1,12,pasto,54,Male,7.7342391,19.5467,-71.515327,dajabón,partido,junio,2010,2010,0,,,346.8061218,0. Pure Control,0
2436,H0969,1. Follow-up1,12,pasto,54,Male,7.7342391,19.5467,-71.515327,dajabón,partido,octubre,2010,1978,0,,,346.8061218,0. Pure Control,0
2437,H0963,1. Follow-up1,21,pasto,51,Male,1.6348798,19.51182,-71.542839,dajabón,partido,agosto,2014,2005,0,,,0,0. Pure Control,0
2437,H0963,1. Follow-up1,13,pasto,51,Male,2.3265598,19.511909,-71.542747,dajabón,partido,mayo,2012,2005,0,,,0,0. Pure Control,0
2437,H0963,1. Follow-up1,12,pasto,51,Male,0.75455987,19.511869,-71.542747,dajabón,partido,junio,2005,2005,0,,,0,0. Pure Control,0
2437,H0963,1. Follow-up1,11,pasto,51,Male,0.50303996,19.51186,-71.54274,dajabón,partido,mayo,2005,2005,0,,,0,0. Pure Control,0
2437,H0963,1. Follow-up1,14,pasto,51,Male,5.3447995,19.47629,-71.541771,dajabón,partido,marzo,1990,2005,0,,,0,0. Pure Control,0
2437,H0963,1. Follow-up1,13,pasto,51,Male,2.3265598,19.511909,-71.542747,dajabón,partido,febrero,2012,2005,0,,,0,0. Pure Control,0
2439,H0965,1. Follow-up1,11,pasto,56,Male,8.1743994,19.526539,-71.494438,dajabón,partido,mayo,2011,1982,0,,,0,0. Pure Control,0
2439,H0965,1. Follow-up1,11,pasto,56,Male,8.1743994,19.526539,-71.494438,dajabón,partido,noviembre,1985,1982,0,,,0,0. Pure Control,0
2439,H0965,1. Follow-up1,12,pasto,56,Male,4.0243196,19.526709,-71.494469,dajabón,partido,junio,1982,1982,0,,,0,0. Pure Control,0
2515,H1198,1. Follow-up1,11,,35,Male,1.8863997,19.619651,-71.23593,monte cristi,san fernando montecristi,,,,0,,,0,0. Pure Control,0
2552,H0978,1. Follow-up1,11,pasto,47,Male,6.2879992,19.564249,-71.535782,dajabón,partido,junio,2012,2000,0,,,0,0. Pure Control,0
2552,H0978,1. Follow-up1,22,pasto,47,Male,5.6591992,19.555899,-71.540527,dajabón,partido,septiembre,2014,2000,0,,,0,0. Pure Control,0
2552,H0978,1. Follow-up1,12,pasto,47,Male,6.2879992,19.564289,-71.535667,dajabón,partido,agosto,1987,1981,0,,,0,0. Pure Control,0
2552,H0978,1. Follow-up1,11,pasto,47,Male,6.2879992,19.564249,-71.535782,dajabón,partido,mayo,1981,1981,0,,,0,0. Pure Control,0
2552,H0978,1. Follow-up1,13,pasto,47,Male,2.8295996,19.564339,-71.535568,dajabón,partido,junio,2007,1981,0,,,0,0. Pure Control,0
2552,H0978,1. Follow-up1,22,pasto,47,Male,5.6591992,19.555899,-71.540527,dajabón,partido,mayo,2007,1981,0,,,0,0. Pure Control,0
2552,H0978,1. Follow-up1,21,pasto,47,Male,31.439997,19.564339,-71.535797,dajabón,partido,marzo,2006,1981,0,,,0,0. Pure Control,0
2566,H1000,1. Follow-up1,11,pasto,43,Male,18.863998,19.34132,-71.66671,dajabón,restauracion,marzo,2012,2012,0,,,0,0. Pure Control,0
2581,H1144,1. Follow-up1,21,guineo,38,Male,3.1439996,19.565907,-70.944793,valverde,esperanza,abril,2008,2008,0,,,18808.70898,0. Pure Control,0
2589,H1120,1. Follow-up1,11,pasto,35,Male,25.151997,19.417119,-71.269904,santiago rodriguez,san ignacio de sabaneta,no recuerda,2000,2000,0,,,0,0. Pure Control,0
2594,H1052,1. Follow-up1,11,pasto,59,Male,2.8924797,19.447402,-71.325431,santiago rodriguez,san ignacio de sabaneta,no recuerda,2000,2000,0,,,0,0. Pure Control,0
2594,H1052,1. Follow-up1,13,pasto,59,Male,2.4523196,19.45022,-71.323369,santiago rodriguez,san ignacio de sabaneta,no recuerda,1990,1990,0,,,0,0. Pure Control,0
2594,H1052,1. Follow-up1,12,pasto,59,Male,0.62879992,19.454463,-71.326059,santiago rodriguez,san ignacio de sabaneta,no recuerda,1990,1990,0,,,0,0. Pure Control,0
2595,H1041,1. Follow-up1,12,pasto,53,Male,7.9228787,19.453512,-71.302307,santiago rodriguez,san ignacio de sabaneta,no recuerda,1988,1988,0,,,0,0. Pure Control,0
2595,H1041,1. Follow-up1,11,pasto,53,Male,6.6023993,19.418867,-71.321255,santiago rodriguez,san ignacio de sabaneta,no recuerda,1988,1988,0,,,0,0. Pure Control,0
2599,H1114,1. Follow-up1,11,yuca,68,Male,18.863998,19.472845,-71.215907,santiago rodriguez,san ignacio de sabaneta,junio,2014,1965,1,,,239.7671967,0. Pure Control,0
2599,H1114,1. Follow-up1,11,guandul,68,Male,18.863998,19.472845,-71.215907,santiago rodriguez,san ignacio de sabaneta,junio,2014,1965,1,,,239.7671967,0. Pure Control,0
2599,H1114,1. Follow-up1,11,pasto,68,Male,18.863998,19.472845,-71.215907,santiago rodriguez,san ignacio de sabaneta,no recuerda,1965,1965,0,,,239.7671967,0. Pure Control,0
2599,H1114,1. Follow-up1,11,maiz grano/mazorca,68,Male,18.863998,19.472845,-71.215907,santiago rodriguez,san ignacio de sabaneta,junio,2014,1965,1,octubre,,239.7671967,0. Pure Control,0
2601,H1061,1. Follow-up1,11,pasto,41,Male,8.8031988,19.475771,-71.209741,santiago rodriguez,san ignacio de sabaneta,no recuerda,2000,2000,0,,,0,0. Pure Control,0
2602,H1063,1. Follow-up1,11,pasto,54,Male,4.4015994,19.478286,-71.214015,santiago rodriguez,san ignacio de sabaneta,no recuerda,1995,1995,0,,,0,0. Pure Control,0
2602,H1063,1. Follow-up1,12,pasto,54,Male,3.7099195,19.473605,-71.213437,santiago rodriguez,san ignacio de sabaneta,no recuerda,1995,1995,0,,,0,0. Pure Control,0
2603,H1102,1. Follow-up1,11,mani,50,Male,2.4523196,19.445791,-71.111995,santiago rodriguez,san ignacio de sabaneta,febrero,2014,2000,1,junio,,1231.865112,0. Pure Control,0
2603,H1102,1. Follow-up1,12,pasto,50,Male,5.7849593,19.332866,-71.209133,santiago rodriguez,san ignacio de sabaneta,no recuerda,1995,1995,0,,,1231.865112,0. Pure Control,0
2603,H1102,1. Follow-up1,11,pasto,50,Male,2.4523196,19.445791,-71.111995,santiago rodriguez,san ignacio de sabaneta,no recuerda,1995,1995,0,,,1231.865112,0. Pure Control,0
2605,H1066,1. Follow-up1,12,pasto,51,Male,6.1622391,19.487918,-71.424671,santiago rodriguez,san ignacio de sabaneta,no recuerda,2002,2002,0,,,0,0. Pure Control,0
2605,H1066,1. Follow-up1,11,pasto,51,Male,1.8863997,19.493365,-71.423236,santiago rodriguez,san ignacio de sabaneta,no recuerda,2002,2002,0,,,0,0. Pure Control,0
2607,H1067,1. Follow-up1,11,pasto,50,Male,7.545599,19.482272,-71.425414,santiago rodriguez,san ignacio de sabaneta,no recuerda,2001,2001,0,,,0,0. Pure Control,0
2607,H1067,1. Follow-up1,12,pasto,50,Male,2.3894396,19.482215,-71.42533,santiago rodriguez,san ignacio de sabaneta,no recuerda,2001,2001,0,,,0,0. Pure Control,0
2607,H1067,1. Follow-up1,14,pasto,50,Male,14.713918,19.552672,-71.462889,santiago rodriguez,san ignacio de sabaneta,no recuerda,2001,2001,0,,,0,0. Pure Control,0
2607,H1067,1. Follow-up1,13,pasto,50,Male,3.1439996,19.532284,-71.443746,santiago rodriguez,san ignacio de sabaneta,no recuerda,2001,2001,0,,,0,0. Pure Control,0
2608,H1042,1. Follow-up1,11,pasto,61,Male,31.439997,19.506827,-71.366312,santiago rodriguez,san ignacio de sabaneta,no recuerda,1995,1995,0,,,0,0. Pure Control,0
2609,H1065,1. Follow-up1,11,pasto,52,Male,12.575998,19.498146,-71.45414,santiago rodriguez,san ignacio de sabaneta,no recuerda,1993,1993,0,,,0,0. Pure Control,0
2612,H1053,1. Follow-up1,11,pasto,58,Male,12.575998,19.468135,-71.282214,santiago rodriguez,san ignacio de sabaneta,no recuerda,1970,1970,0,,,0,0. Pure Control,0
2616,H1090,1. Follow-up1,11,,48,Male,11.318398,19.387783,-71.156178,santiago rodriguez,san ignacio de sabaneta,,,,0,,,0,0. Pure Control,0
2616,H1090,1. Follow-up1,12,limon,48,Male,2.5151997,19.33749,-71.484931,santiago rodriguez,san ignacio de sabaneta,junio,2014,2014,0,,,0,0. Pure Control,0
2616,H1090,1. Follow-up1,12,naranja,48,Male,2.5151997,19.33749,-71.484931,santiago rodriguez,san ignacio de sabaneta,junio,2014,2014,0,,,0,0. Pure Control,0
2617,H1055,1. Follow-up1,12,pasto,72,Male,1.6977597,19.528481,-71.308696,santiago rodriguez,san ignacio de sabaneta,no recuerda,2005,2005,0,,,0,0. Pure Control,0
2617,H1055,1. Follow-up1,13,pasto,72,Male,1.9492798,19.526552,-71.312954,santiago rodriguez,san ignacio de sabaneta,no recuerda,2005,2005,0,,,0,0. Pure Control,0
2617,H1055,1. Follow-up1,11,pasto,72,Male,3.8356795,19.526609,-71.312923,santiago rodriguez,san ignacio de sabaneta,no recuerda,1985,1985,0,,,0,0. Pure Control,0
2624,H1073,1. Follow-up1,15,pasto,62,Male,3.1439996,19.461128,-71.271896,santiago rodriguez,san ignacio de sabaneta,no recuerda,1985,1985,0,,,0,0. Pure Control,0
2624,H1073,1. Follow-up1,12,pasto,62,Male,54.265434,19.531269,-71.08039,valverde,mao,no recuerda,2005,2005,0,,,0,0. Pure Control,0
2624,H1073,1. Follow-up1,13,pasto,62,Male,4.4015994,19.460772,-71.280787,santiago rodriguez,san ignacio de sabaneta,no recuerda,1980,1980,0,,,0,0. Pure Control,0
2624,H1073,1. Follow-up1,11,pasto,62,Male,7.545599,19.460601,-71.277147,santiago rodriguez,san ignacio de sabaneta,no recuerda,2005,2005,0,,,0,0. Pure Control,0
2624,H1073,1. Follow-up1,14,pasto,62,Male,5.0303993,19.460976,-71.274105,santiago rodriguez,san ignacio de sabaneta,no recuerda,2003,2003,0,,,0,0. Pure Control,0
2627,H1056,1. Follow-up1,12,pasto,49,Male,30.182396,19.509325,-71.284889,santiago rodriguez,san ignacio de sabaneta,no recuerda,2007,2007,0,,,0,0. Pure Control,0
2627,H1056,1. Follow-up1,11,pasto,49,Male,50.303993,19.507827,-71.279592,santiago rodriguez,san ignacio de sabaneta,no recuerda,2007,2007,0,,,0,0. Pure Control,0
2627,H1056,1. Follow-up1,14,pasto,49,Male,20.121597,19.508157,-71.285129,santiago rodriguez,san ignacio de sabaneta,no recuerda,2007,2007,0,,,0,0. Pure Control,0
2627,H1056,1. Follow-up1,13,pasto,49,Male,6.036479,19.504272,-71.284435,santiago rodriguez,san ignacio de sabaneta,no recuerda,2007,2007,0,,,0,0. Pure Control,0
2630,H0975,1. Follow-up1,13,pasto,60,Male,18.863998,19.530329,-71.45472,dajabón,partido,no recuerda,2000,1975,0,,,1223.954346,0. Pure Control,0
2630,H0975,1. Follow-up1,12,pasto,60,Male,25.151997,19.53035,-71.454605,dajabón,partido,no recuerda,1981,1975,0,,,1223.954346,0. Pure Control,0
2630,H0975,1. Follow-up1,15,pasto,60,Male,7.9228787,19.5306,-71.45417,dajabón,partido,no recuerda,2000,1975,0,,,1223.954346,0. Pure Control,0
2630,H0975,1. Follow-up1,11,pasto,60,Male,28.924797,19.530359,-71.454552,dajabón,partido,no recuerda,1982,1975,0,,,1223.954346,0. Pure Control,0
2630,H0975,1. Follow-up1,15,pasto,60,Male,7.9228787,19.5306,-71.45417,dajabón,partido,no recuerda,2011,1975,0,,,1223.954346,0. Pure Control,0
2630,H0975,1. Follow-up1,14,pasto,60,Male,13.330558,19.53055,-71.454277,dajabón,partido,no recuerda,2008,1975,0,,,1223.954346,0. Pure Control,0
2631,H0974,1. Follow-up1,11,pasto,46,Male,2.8295996,19.530409,-71.453987,dajabón,partido,junio,1990,1990,0,,,0,0. Pure Control,0
2631,H0974,1. Follow-up1,11,pasto,46,Male,2.8295996,19.530409,-71.453987,dajabón,partido,septiembre,2014,2014,0,,,0,0. Pure Control,0
2634,H0986,1. Follow-up1,11,pasto,38,Male,23.894398,19.51856,-71.460732,dajabón,partido,junio,1995,1995,0,,,0,0. Pure Control,0
2634,H0986,1. Follow-up1,12,pasto,38,Male,5.9735994,19.525829,-71.46537,dajabón,partido,junio,1995,1995,0,,,0,0. Pure Control,0
2635,H0994,1. Follow-up1,11,pasto,53,Male,6.2879992,19.51228,-71.491028,dajabón,partido,mayo,2007,2007,0,,,0,0. Pure Control,0
2635,H0994,1. Follow-up1,11,pasto,53,Male,6.2879992,19.51228,-71.491028,dajabón,partido,agosto,2013,2007,0,,,0,0. Pure Control,0
2636,H0959,1. Follow-up1,21,pasto,53,Male,5.0303993,19.469229,-71.503159,dajabón,partido,no recuerda,2012,1993,0,,,0,0. Pure Control,0
2636,H0959,1. Follow-up1,13,pasto,53,Male,6.1622391,19.528429,-71.448097,dajabón,partido,no recuerda,1993,1993,0,,,0,0. Pure Control,0
2636,H0959,1. Follow-up1,12,pasto,53,Male,1.8863997,19.530609,-71.440041,dajabón,partido,no recuerda,2002,1993,0,,,0,0. Pure Control,0
2636,H0959,1. Follow-up1,11,pasto,53,Male,15.719998,19.55093,-71.520981,dajabón,partido,no recuerda,1995,1993,0,,,0,0. Pure Control,0
2636,H0959,1. Follow-up1,13,pasto,53,Male,6.1622391,19.528429,-71.448097,dajabón,partido,no recuerda,2014,1993,0,,,0,0. Pure Control,0
2637,H0982,1. Follow-up1,11,mani,50,Male,1.5719998,19.5023,-71.466019,dajabón,partido,agosto,2014,1980,1,noviembre,,970.029541,0. Pure Control,0
2637,H0982,1. Follow-up1,21,pasto,50,Male,3.3955195,19.502369,-71.466209,dajabón,partido,no recuerda,2013,2013,0,,,970.029541,0. Pure Control,0
2637,H0982,1. Follow-up1,11,mani,50,Male,1.5719998,19.5023,-71.466019,dajabón,partido,febrero,2014,1980,1,mayo,,970.029541,0. Pure Control,0
2643,H1083,1. Follow-up1,11,pasto,57,Male,3.1439996,19.425139,-71.378454,santiago rodriguez,san ignacio de sabaneta,no recuerda,1995,1995,0,,,0,0. Pure Control,0
2647,H1043,1. Follow-up1,11,pasto,24,Male,18.863998,19.458711,-71.27651,santiago rodriguez,san ignacio de sabaneta,no recuerda,1995,1995,0,,,530.9130859,0. Pure Control,0
2647,H1043,1. Follow-up1,11,yuca,24,Male,18.863998,19.458711,-71.27651,santiago rodriguez,san ignacio de sabaneta,abril,2014,1995,1,noviembre,,530.9130859,0. Pure Control,0
2654,H1057,1. Follow-up1,11,pasto,47,Male,6.036479,19.552859,-71.392402,santiago rodriguez,san ignacio de sabaneta,no recuerda,1995,1995,0,,,0,0. Pure Control,0
2655,H1113,1. Follow-up1,11,pasto,36,Male,5.0932794,19.461066,-71.288637,santiago rodriguez,san ignacio de sabaneta,no recuerda,2002,2002,0,,,0,0. Pure Control,0
2686,H1047,1. Follow-up1,11,pasto,51,Male,6.2879992,19.461993,-71.332246,santiago rodriguez,san ignacio de sabaneta,no recuerda,2000,2000,0,,,0,0. Pure Control,0
2688,H1038,1. Follow-up1,12,pasto,60,Male,9.1175985,19.458414,-71.313767,santiago rodriguez,san ignacio de sabaneta,no recuerda,2009,2009,0,,,0,0. Pure Control,0
2688,H1038,1. Follow-up1,11,pasto,60,Male,6.036479,19.458362,-71.313853,santiago rodriguez,san ignacio de sabaneta,no recuerda,2009,2009,0,,,0,0. Pure Control,0
2695,H1103,1. Follow-up1,11,pasto,43,Male,88.03199,19.438765,-71.416561,santiago rodriguez,san ignacio de sabaneta,no recuerda,2004,2004,0,,,2268.748047,0. Pure Control,0
2702,H0971,1. Follow-up1,11,pasto,58,Female,1.5719998,19.5026,-71.465767,dajabón,partido,mayo,1982,9999,0,,,797.2554321,0. Pure Control,0
2702,H0971,1. Follow-up1,11,mani,58,Female,1.5719998,19.5026,-71.465767,dajabón,partido,marzo,2014,1990,1,junio,,797.2554321,0. Pure Control,0
2702,H0971,1. Follow-up1,12,pasto,58,Female,1.1318399,19.49272,-71.470428,dajabón,partido,junio,1990,1990,0,,,797.2554321,0. Pure Control,0
2702,H0971,1. Follow-up1,11,mani,58,Female,1.5719998,19.5026,-71.465767,dajabón,partido,diciembre,2014,1990,1,marzo,,797.2554321,0. Pure Control,0
2703,H0993,1. Follow-up1,11,pasto,74,Male,12.575998,19.53809,-71.517212,dajabón,partido,julio,2005,2005,0,,,0,0. Pure Control,0
2703,H0993,1. Follow-up1,11,pasto,74,Male,12.575998,19.53809,-71.517212,dajabón,partido,octubre,2010,2010,0,,,0,0. Pure Control,0
2705,H0981,1. Follow-up1,21,pasto,49,Male,4.9046392,19.50469,-71.545891,dajabón,partido,junio,2012,2012,0,,,0,0. Pure Control,0
2705,H0981,1. Follow-up1,21,pasto,49,Male,4.9046392,19.50469,-71.545891,dajabón,partido,mayo,2005,2005,0,,,0,0. Pure Control,0
2707,H0956,1. Follow-up1,12,pasto,66,Male,3.3955195,19.505619,-71.550606,dajabón,partido,marzo,1982,1982,0,,,0,0. Pure Control,0
2707,H0956,1. Follow-up1,11,pasto,66,Male,12.450238,19.50555,-71.550667,dajabón,partido,junio,2010,2000,0,,,0,0. Pure Control,0
2707,H0956,1. Follow-up1,11,pasto,66,Male,12.450238,19.50555,-71.550667,dajabón,partido,mayo,1993,1993,0,,,0,0. Pure Control,0
2708,H0972,1. Follow-up1,11,pasto,57,Male,2.5151997,19.53018,-71.452667,dajabón,partido,junio,1987,1987,0,,,0,0. Pure Control,0
2708,H0972,1. Follow-up1,11,pasto,57,Male,2.5151997,19.53018,-71.452667,dajabón,partido,mayo,2010,2010,0,,,0,0. Pure Control,0
2711,H0954,1. Follow-up1,12,pasto,59,Male,14.022238,19.530159,-71.544159,dajabón,partido,no recuerda,1993,1970,0,,,538.2528687,0. Pure Control,0
2711,H0954,1. Follow-up1,11,pasto,59,Male,18.863998,19.53014,-71.544159,dajabón,partido,diciembre,1970,1970,0,,,538.2528687,0. Pure Control,0
2711,H0954,1. Follow-up1,12,pasto,59,Male,14.022238,19.530159,-71.544159,dajabón,partido,mayo,2013,1993,0,,,538.2528687,0. Pure Control,0
2712,H0957,1. Follow-up1,11,pasto,82,Male,22.007998,19.50001,-71.579376,dajabón,partido,no recuerda,1990,1990,0,,,615.8917847,0. Pure Control,0
2768,H0980,1. Follow-up1,12,pasto,43,Male,5.0303993,19.50922,-71.544968,dajabón,partido,no recuerda,2004,2003,0,,,0,0. Pure Control,0
2768,H0980,1. Follow-up1,11,pasto,43,Male,6.2879992,19.50901,-71.545036,dajabón,partido,no recuerda,2006,2003,0,,,0,0. Pure Control,0
2769,H0966,1. Follow-up1,11,pasto,43,Male,19.115517,19.5277,-71.504807,dajabón,partido,enero,2014,2010,0,,,1797.56897,0. Pure Control,0
2769,H0966,1. Follow-up1,11,yuca,43,Male,19.115517,19.5277,-71.504807,dajabón,partido,mayo,2014,2010,1,noviembre,,1797.56897,0. Pure Control,0
2769,H0966,1. Follow-up1,11,pasto,43,Male,19.115517,19.5277,-71.504807,dajabón,partido,junio,2009,2009,0,,,1797.56897,0. Pure Control,0
2771,H0961,1. Follow-up1,12,pasto,64,Male,9.4319992,19.46372,-71.541611,dajabón,partido,marzo,2008,1985,0,,,0,0. Pure Control,0
2771,H0961,1. Follow-up1,11,pasto,64,Male,18.863998,19.56122,-71.554489,dajabón,partido,junio,1985,1985,0,,,0,0. Pure Control,0
2771,H0961,1. Follow-up1,11,pasto,64,Male,18.863998,19.56122,-71.554489,dajabón,partido,mayo,2007,2007,0,,,0,0. Pure Control,0
2772,H0979,1. Follow-up1,11,pasto,54,Male,12.575998,19.5604,-71.537331,dajabón,partido,enero,1985,1985,0,,,0,0. Pure Control,0
2772,H0979,1. Follow-up1,11,pasto,54,Male,12.575998,19.5604,-71.537331,dajabón,partido,noviembre,2014,2004,0,,,0,0. Pure Control,0
2773,H0989,1. Follow-up1,11,pasto,35,Male,2.2636797,19.475939,-71.504288,santiago,janico,octubre,2013,2007,0,,,0,0. Pure Control,0
2774,H0962,1. Follow-up1,11,pasto,62,Male,2.0121598,19.47588,-71.504425,dajabón,dajabon,junio,2012,2008,0,,,0,0. Pure Control,0
2843,H1009,1. Follow-up1,11,pasto,45,Male,62.879993,19.333319,-71.721359,dajabón,restauracion,marzo,2010,1975,0,,,659.3598022,0. Pure Control,0
2911,H1163,1. Follow-up1,11,pasto,52,Male,12.827518,19.786821,-71.622347,monte cristi,san fernando montecristi,no recuerda,1995,1995,0,,,0,0. Pure Control,0
2914,H0988,1. Follow-up1,12,pasto,55,Male,10.500958,19.439569,-71.476707,dajabón,partido,junio,2009,2005,0,,,0,0. Pure Control,0
2914,H0988,1. Follow-up1,13,pasto,55,Male,8.1743994,19.441469,-71.478928,dajabón,partido,octubre,2014,2002,0,,,0,0. Pure Control,0
2914,H0988,1. Follow-up1,14,pasto,55,Male,7.545599,19.450449,-71.479477,dajabón,partido,mayo,2005,2005,0,,,0,0. Pure Control,0
2914,H0988,1. Follow-up1,12,pasto,55,Male,10.500958,19.439569,-71.476707,dajabón,partido,octubre,2014,2002,0,,,0,0. Pure Control,0
2914,H0988,1. Follow-up1,13,pasto,55,Male,8.1743994,19.441469,-71.478928,dajabón,partido,mayo,2005,2005,0,,,0,0. Pure Control,0
2914,H0988,1. Follow-up1,11,pasto,55,Male,20.121597,19.438929,-71.496887,dajabón,partido,marzo,2014,2005,0,,,0,0. Pure Control,0
2919,H1124,1. Follow-up1,21,guineo,51,Male,1.8863997,19.656133,-71.027343,valverde,esperanza,noviembre,2009,2009,0,,,12228.12695,0. Pure Control,0
2920,H1123,1. Follow-up1,21,guineo,54,Male,1.8863997,19.656112,-71.02733,valverde,esperanza,octubre,2009,2009,0,,,11988.36035,0. Pure Control,0
3055,H0605,1. Follow-up1,11,ají,54,Male,0.62879992,19.421964,-70.635331,santiago,licey al medio,septiembre,2014,2014,1,enero,,3986.217041,3. Treated Beneficiaries,1
3055,H0605,1. Follow-up1,12,ají,54,Male,1.1947198,19.428365,-70.617025,santiago,licey al medio,mayo,2014,2013,1,agosto,,3986.217041,3. Treated Beneficiaries,1
3055,H0605,1. Follow-up1,11,habichuela roja,54,Male,0.62879992,19.421964,-70.635331,santiago,licey al medio,diciembre,2014,2014,1,febrero,,3986.217041,3. Treated Beneficiaries,1
3055,H0605,1. Follow-up1,13,ají,54,Male,0.62879992,19.427655,-70.619199,santiago,licey al medio,diciembre,2014,2014,1,marzo,,3986.217041,3. Treated Beneficiaries,1
3056,H0622,1. Follow-up1,11,melon,73,Male,2.8295996,19.544158,-70.773385,santiago,villa gonzalez,agosto,2014,1990,1,diciembre,,7193.016113,3. Treated Beneficiaries,1
3056,H0622,1. Follow-up1,11,tomate ensalada,73,Male,2.8295996,19.544158,-70.773385,santiago,villa gonzalez,septiembre,2014,1990,1,abril,,7193.016113,3. Treated Beneficiaries,1
3059,H0598,1. Follow-up1,21,tabaco,63,Male,10.060799,19.424403,-70.609012,santiago,licey al medio,noviembre,2014,9999,1,noviembre,,1592.739258,3. Treated Beneficiaries,1
3059,H0598,1. Follow-up1,21,plátano,63,Male,10.060799,19.424403,-70.609012,santiago,licey al medio,no recuerda,2007,2007,0,,,1592.739258,3. Treated Beneficiaries,1
3059,H0598,1. Follow-up1,21,yuca,63,Male,10.060799,19.424403,-70.609012,santiago,licey al medio,julio,2014,2007,1,julio,,1592.739258,3. Treated Beneficiaries,1
3064,H0648,1. Follow-up1,11,pasto,64,Male,1.4462398,19.540077,-70.79137,santiago,santiago,no recuerda,2007,2007,0,,,0,1. Contaminated Control,0
3066,H0649,1. Follow-up1,11,cebolla,81,Male,4.4015994,19.511011,-70.698917,santiago,villa gonzalez,abril,2014,2005,1,junio,,8960.442383,1. Contaminated Control,0
3069,H0651,1. Follow-up1,11,tabaco,80,Male,2.2007997,19.458625,-70.675365,santiago,villa gonzalez,octubre,2014,2014,1,enero,,3870.527832,2. Intended Beneficiaries,1
3069,H0651,1. Follow-up1,11,cebolla,80,Male,2.2007997,19.458625,-70.675365,santiago,villa gonzalez,abril,2014,2014,1,junio,,3870.527832,2. Intended Beneficiaries,1
3071,H0486,1. Follow-up1,21,pasto,45,Male,9.4948788,19.489452,-70.669652,santiago,santiago,no recuerda,2011,2011,0,,,674.3452759,0. Pure Control,0
3071,H0486,1. Follow-up1,21,chinola,45,Male,9.4948788,19.489452,-70.669652,santiago,santiago,no recuerda,2011,2011,0,,,674.3452759,0. Pure Control,0
3079,H0083,1. Follow-up1,11,pasto,45,Male,2.6409597,19.669685,-70.36464,espaillat,veragua,no recuerda,1995,1995,0,,,0,2. Intended Beneficiaries,1
3088,H0153,1. Follow-up1,12,lechuga,46,Male,0.50303996,19.401528,-70.555833,espaillat,moca,septiembre,2014,2005,1,noviembre,,31769.1543,0. Pure Control,0
3088,H0153,1. Follow-up1,12,rabano,46,Male,0.50303996,19.401528,-70.555833,espaillat,moca,septiembre,2014,2005,1,noviembre,,31769.1543,0. Pure Control,0
3088,H0153,1. Follow-up1,12,espinaca,46,Male,0.50303996,19.401528,-70.555833,espaillat,moca,septiembre,2014,2005,1,noviembre,,31769.1543,0. Pure Control,0
3088,H0153,1. Follow-up1,12,puerro,46,Male,0.50303996,19.401528,-70.555833,espaillat,moca,febrero,2014,2005,1,abril,,31769.1543,0. Pure Control,0
3088,H0153,1. Follow-up1,12,lechuga,46,Male,0.50303996,19.401528,-70.555833,espaillat,moca,mayo,2014,2005,1,julio,,31769.1543,0. Pure Control,0
3088,H0153,1. Follow-up1,11,ají,46,Male,1.2575998,19.394108,-70.557459,espaillat,moca,febrero,2014,2014,1,junio,,31769.1543,0. Pure Control,0
3088,H0153,1. Follow-up1,12,espinaca,46,Male,0.50303996,19.401528,-70.555833,espaillat,moca,mayo,2014,2005,1,julio,,31769.1543,0. Pure Control,0
3088,H0153,1. Follow-up1,12,rabano,46,Male,0.50303996,19.401528,-70.555833,espaillat,moca,febrero,2014,2005,1,abril,,31769.1543,0. Pure Control,0
3088,H0153,1. Follow-up1,12,puerro,46,Male,0.50303996,19.401528,-70.555833,espaillat,moca,mayo,2014,2005,1,julio,,31769.1543,0. Pure Control,0
3088,H0153,1. Follow-up1,12,rabano,46,Male,0.50303996,19.401528,-70.555833,espaillat,moca,mayo,2014,2005,1,julio,,31769.1543,0. Pure Control,0
3088,H0153,1. Follow-up1,12,lechuga,46,Male,0.50303996,19.401528,-70.555833,espaillat,moca,febrero,2014,2005,1,abril,,31769.1543,0. Pure Control,0
3088,H0153,1. Follow-up1,12,espinaca,46,Male,0.50303996,19.401528,-70.555833,espaillat,moca,febrero,2014,2005,1,abril,,31769.1543,0. Pure Control,0
3088,H0153,1. Follow-up1,11,vainitas,46,Male,1.2575998,19.394108,-70.557459,espaillat,moca,enero,2014,2014,1,abril,,31769.1543,0. Pure Control,0
3088,H0153,1. Follow-up1,12,puerro,46,Male,0.50303996,19.401528,-70.555833,espaillat,moca,septiembre,2014,2005,1,noviembre,,31769.1543,0. Pure Control,0
3090,H0612,1. Follow-up1,11,guineo,51,Male,2.2007997,19.526313,-70.804149,santiago,villa gonzalez,agosto,2010,2010,0,,,8674.091797,2. Intended Beneficiaries,1
3091,H0630,1. Follow-up1,11,pasto,67,Male,1.2575998,19.577316,-70.868375,santiago,villa bisono navarrete,junio,2003,2003,0,,,0,1. Contaminated Control,0
3093,H0620,1. Follow-up1,11,pasto,67,Male,0.62879992,19.577367,-70.868313,santiago,villa bisono navarrete,junio,2003,2003,0,,,0,1. Contaminated Control,0
3101,H0281,1. Follow-up1,11,yuca,58,Male,1.8863997,19.856601,-71.054034,puerto plata,villa isabela,diciembre,2014,2012,1,,,0,1. Contaminated Control,0
3102,H0251,1. Follow-up1,11,plátano,45,Male,21.001917,19.870113,-71.069412,puerto plata,villa isabela,octubre,2014,2000,0,,,0,3. Treated Beneficiaries,1
3103,H0272,1. Follow-up1,11,yuca,42,Male,0.88031989,19.848955,-71.034357,puerto plata,luperon,octubre,2014,1999,1,marzo,,2446.604004,3. Treated Beneficiaries,1
3104,H0307,1. Follow-up1,21,lechoza,26,Male,1.5719998,19.830977,-71.167032,puerto plata,estero hondo,diciembre,2013,2013,1,,,0,3. Treated Beneficiaries,1
3105,H0308,1. Follow-up1,11,pasto,58,Male,7.7342391,19.841818,-71.060158,puerto plata,villa isabela,mayo,2009,2009,0,,,1315.294312,3. Treated Beneficiaries,1
3105,H0308,1. Follow-up1,11,maiz grano/mazorca,58,Male,7.7342391,19.841818,-71.060158,puerto plata,villa isabela,diciembre,2014,2014,1,abril,,1315.294312,3. Treated Beneficiaries,1
3106,H0255,1. Follow-up1,11,melon,55,Male,1.5719998,19.854653,-71.036156,puerto plata,luperon,mayo,2014,2014,1,agosto,,1370.098267,2. Intended Beneficiaries,1
3115,H0157,1. Follow-up1,22,plátano,60,Male,3.1439996,19.400257,-70.548322,espaillat,moca,noviembre,2004,9999,0,,,3253.983398,0. Pure Control,0
3115,H0157,1. Follow-up1,11,plátano,60,Male,2.0750396,19.410179,-70.539612,espaillat,moca,noviembre,2012,9999,0,,,3253.983398,0. Pure Control,0
3115,H0157,1. Follow-up1,21,tabaco,60,Male,0.62879992,19.411885,-70.537537,espaillat,moca,septiembre,2014,9999,1,noviembre,,3253.983398,0. Pure Control,0
3121,H0160,1. Follow-up1,21,yuca,49,Male,1.8863997,19.44372,-70.522221,espaillat,moca,agosto,2014,9999,1,abril,,1940.972534,0. Pure Control,0
3122,H0150,1. Follow-up1,11,plátano,59,Male,0.62879992,19.392992,-70.56028,espaillat,moca,mayo,2013,2013,0,,,1150.882568,0. Pure Control,0
3125,H0309,1. Follow-up1,11,sandia,46,Male,1.1318399,19.845718,-71.057986,puerto plata,villa isabela,julio,2014,2011,1,octubre,,1971.50769,3. Treated Beneficiaries,1
3125,H0309,1. Follow-up1,11,maiz verde,46,Male,1.1318399,19.845718,-71.057986,puerto plata,villa isabela,febrero,2014,2013,1,junio,,1971.50769,3. Treated Beneficiaries,1
3126,H0264,1. Follow-up1,11,plátano,68,Male,3.1439996,19.815397,-70.994339,puerto plata,luperon,octubre,2014,2013,0,,,3784.896484,3. Treated Beneficiaries,1
3126,H0264,1. Follow-up1,12,pasto,68,Male,0.62879992,19.812097,-70.994175,puerto plata,luperon,no recuerda,2010,2010,0,,,3784.896484,3. Treated Beneficiaries,1
3126,H0264,1. Follow-up1,11,yuca,68,Male,3.1439996,19.815397,-70.994339,puerto plata,luperon,noviembre,2014,1995,1,mayo,,3784.896484,3. Treated Beneficiaries,1
3126,H0264,1. Follow-up1,11,batata,68,Male,3.1439996,19.815397,-70.994339,puerto plata,luperon,noviembre,2014,1998,1,marzo,,3784.896484,3. Treated Beneficiaries,1
3127,H0269,1. Follow-up1,11,plátano,57,Male,0.94319987,19.854517,-71.036073,puerto plata,luperon,junio,2014,2014,0,,,456.6994019,3. Treated Beneficiaries,1
3128,H0257,1. Follow-up1,11,batata,47,Male,1.8863997,19.855895,-71.054553,puerto plata,villa isabela,noviembre,2014,2010,1,abril,,411.02948,1. Contaminated Control,0
3130,H0273,1. Follow-up1,11,tabaco,39,Male,0.50303996,19.890525,-70.969421,puerto plata,luperon,diciembre,2013,2012,1,,,0,3. Treated Beneficiaries,1
3135,H0311,1. Follow-up1,11,plátano,59,Male,12.575998,19.848343,-71.058477,puerto plata,villa isabela,noviembre,2014,2014,0,,,0,2. Intended Beneficiaries,1
3139,H0314,1. Follow-up1,21,pasto,56,Male,5.9735994,19.842879,-71.099983,puerto plata,villa isabela,diciembre,2000,2000,0,,,0,3. Treated Beneficiaries,1
3139,H0314,1. Follow-up1,12,pasto,56,Male,6.2879992,19.844476,-71.095462,puerto plata,villa isabela,no recuerda,2004,2004,0,,,0,3. Treated Beneficiaries,1
3139,H0314,1. Follow-up1,11,pasto,56,Male,1.8863997,19.845183,-71.096662,puerto plata,villa isabela,abril,2011,2011,0,,,0,3. Treated Beneficiaries,1
3140,H0305,1. Follow-up1,11,,43,Male,0.44015995,19.816608,-71.190628,puerto plata,estero hondo,,,,0,,,0,3. Treated Beneficiaries,1
3140,H0305,1. Follow-up1,13,pasto,43,Male,19.555677,19.603542,-71.402012,puerto plata,estero hondo,no recuerda,1993,1993,0,,,0,3. Treated Beneficiaries,1
3140,H0305,1. Follow-up1,14,pasto,43,Male,0.88031989,19.84361,-71.20741,puerto plata,estero hondo,no recuerda,1993,1993,0,,,0,3. Treated Beneficiaries,1
3140,H0305,1. Follow-up1,12,,43,Male,0.69167989,19.827747,-71.1757,puerto plata,estero hondo,,,,0,,,0,3. Treated Beneficiaries,1
3141,H0312,1. Follow-up1,12,pasto,47,Male,9.4319992,19.823997,-71.071626,puerto plata,villa isabela,no recuerda,1999,1999,0,,,0,1. Contaminated Control,0
3141,H0312,1. Follow-up1,11,pasto,47,Male,6.2879992,19.836315,-71.085946,puerto plata,villa isabela,no recuerda,1998,1998,0,,,0,1. Contaminated Control,0
3153,H0134,1. Follow-up1,21,maiz grano/mazorca,36,Male,1.8863997,19.444792,-70.577854,espaillat,moca,enero,2014,2010,1,abril,,1428.137085,0. Pure Control,0
3153,H0134,1. Follow-up1,21,auyama,36,Male,1.8863997,19.444792,-70.577854,espaillat,moca,febrero,2014,2010,1,agosto,,1428.137085,0. Pure Control,0
3153,H0134,1. Follow-up1,21,melon indu,36,Male,1.8863997,19.444792,-70.577854,espaillat,moca,septiembre,2014,2010,1,diciembre,,1428.137085,0. Pure Control,0
3155,H0128,1. Follow-up1,21,brocoli,56,Male,1.6977597,19.441659,-70.568966,espaillat,moca,diciembre,2014,1990,1,13,,18748.42578,0. Pure Control,0
3155,H0128,1. Follow-up1,21,rabano,56,Male,1.6977597,19.441659,-70.568966,espaillat,moca,diciembre,2014,1990,1,enero,,18748.42578,0. Pure Control,0
3155,H0128,1. Follow-up1,21,coliflor,56,Male,1.6977597,19.441659,-70.568966,espaillat,moca,octubre,2014,1990,1,diciembre,,18748.42578,0. Pure Control,0
3157,H0155,1. Follow-up1,21,vainitas chinas,44,Male,0.62879992,19.398432,-70.579309,espaillat,moca,marzo,2014,2013,1,julio,,6987.501465,0. Pure Control,0
3159,H0148,1. Follow-up1,11,plátano,41,Male,1.0060799,19.402562,-70.565725,espaillat,moca,febrero,2011,2011,0,,,1798.254028,0. Pure Control,0
3161,H0149,1. Follow-up1,21,tabaco,59,Male,0.37727994,19.403155,-70.569496,espaillat,moca,diciembre,2014,2014,1,marzo,,1712.622925,0. Pure Control,0
3163,H0167,1. Follow-up1,11,plátano,52,Male,6.2879992,19.365777,-70.50559,espaillat,moca,febrero,2014,9999,0,,,899.1270142,0. Pure Control,0
3163,H0167,1. Follow-up1,12,,52,Male,1.6348798,19.405811,-70.564705,espaillat,moca,,,,0,,,899.1270142,0. Pure Control,0
3168,H0145,1. Follow-up1,12,,62,Male,1.6348798,19.406655,-70.57192,santiago,licey al medio,,,,0,,,2968.546143,0. Pure Control,0
3168,H0145,1. Follow-up1,11,plátano,62,Male,3.1439996,19.390899,-70.57975,espaillat,moca,enero,2014,1984,0,,,2968.546143,0. Pure Control,0
3173,H0752,1. Follow-up1,11,,50,Male,3.4583995,19.302261,-70.851682,santiago,pedro garcia,,,,0,,,74.28243256,2. Intended Beneficiaries,1
3179,H0293,1. Follow-up1,21,plátano,86,Female,2.2007997,19.818452,-70.992009,puerto plata,luperon,diciembre,2014,2011,0,,,4221.253418,2. Intended Beneficiaries,1
3179,H0293,1. Follow-up1,11,pasto,86,Female,3.1439996,19.819866,-70.989842,puerto plata,luperon,no recuerda,1980,1980,0,,,4221.253418,2. Intended Beneficiaries,1
3179,H0293,1. Follow-up1,11,plátano,86,Female,3.1439996,19.819866,-70.989842,puerto plata,luperon,mayo,2014,2011,0,,,4221.253418,2. Intended Beneficiaries,1
3180,H0260,1. Follow-up1,11,cereza,61,Male,0.94319987,19.823502,-71.012337,puerto plata,luperon,junio,2014,2014,0,,,1835.931763,2. Intended Beneficiaries,1
3180,H0260,1. Follow-up1,11,plátano,61,Male,0.94319987,19.823502,-71.012337,puerto plata,luperon,febrero,2014,2014,0,,,1835.931763,2. Intended Beneficiaries,1
3182,H0286,1. Follow-up1,11,yuca,65,Male,0.94319987,19.848177,-71.0347,puerto plata,luperon,mayo,2014,2008,1,marzo,,1918.137573,3. Treated Beneficiaries,1
3183,H0283,1. Follow-up1,14,pasto,58,Male,0.81743991,19.855169,-71.054818,puerto plata,villa isabela,no recuerda,1999,1999,0,,,11929.30469,3. Treated Beneficiaries,1
3183,H0283,1. Follow-up1,13,plátano,58,Male,1.4462398,19.848287,-71.043958,puerto plata,villa isabela,no recuerda,2013,2003,0,,,11929.30469,3. Treated Beneficiaries,1
3183,H0283,1. Follow-up1,31,,58,Male,1.1318399,19.850727,-71.044188,puerto plata,villa isabela,,,,0,,,11929.30469,3. Treated Beneficiaries,1
3183,H0283,1. Follow-up1,12,plátano,58,Male,0.94319987,19.844526,-71.044491,puerto plata,villa isabela,no recuerda,2013,2003,0,,,11929.30469,3. Treated Beneficiaries,1
3183,H0283,1. Follow-up1,11,plátano,58,Male,1.2575998,19.854802,-71.030102,puerto plata,luperon,no recuerda,2013,2013,0,,,11929.30469,3. Treated Beneficiaries,1
3186,H0254,1. Follow-up1,11,yuca,38,Male,1.2575998,19.815224,-70.994214,puerto plata,luperon,febrero,2014,2013,1,noviembre,,4264.430664,3. Treated Beneficiaries,1
3186,H0254,1. Follow-up1,11,plátano,38,Male,1.2575998,19.815224,-70.994214,puerto plata,luperon,agosto,2013,2013,0,,,4264.430664,3. Treated Beneficiaries,1
3187,H0284,1. Follow-up1,11,cereza,66,Male,0.94319987,19.8285,-71.013699,puerto plata,luperon,enero,2004,2004,0,,,12330.88379,3. Treated Beneficiaries,1
3188,H0261,1. Follow-up1,11,plátano,57,Male,2.8295996,19.8386,-71.024368,puerto plata,luperon,noviembre,2014,2014,0,,,5175.926758,3. Treated Beneficiaries,1
3188,H0261,1. Follow-up1,12,plátano,57,Male,0.81743991,19.837363,-71.012287,puerto plata,luperon,febrero,2014,2014,0,,,5175.926758,3. Treated Beneficiaries,1
3188,H0261,1. Follow-up1,11,cereza,57,Male,2.8295996,19.8386,-71.024368,puerto plata,luperon,no recuerda,2009,2009,0,,,5175.926758,3. Treated Beneficiaries,1
3188,H0261,1. Follow-up1,13,batata,57,Male,1.5719998,19.828547,-71.013614,puerto plata,luperon,no recuerda,2014,2014,1,mayo,,5175.926758,3. Treated Beneficiaries,1
3189,H0259,1. Follow-up1,11,plátano,44,Male,2.9553597,19.834648,-71.005238,puerto plata,luperon,mayo,2009,1996,0,,,2251.916748,3. Treated Beneficiaries,1
3212,H0606,1. Follow-up1,21,tindora,63,Male,1.5719998,19.435397,-70.616793,santiago,licey al medio,octubre,2010,2010,0,,,7124.510742,2. Intended Beneficiaries,1
3213,H0593,1. Follow-up1,21,tindora,53,Female,1.8863997,19.435403,-70.616109,santiago,licey al medio,junio,2013,2013,0,,,9453.677734,3. Treated Beneficiaries,1
3214,H0503,1. Follow-up1,11,tabaco,92,Male,7.0425591,19.482258,-70.84116,santiago,santiago,noviembre,2014,1993,1,marzo,,4832.709961,0. Pure Control,0
3214,H0503,1. Follow-up1,11,pasto,92,Male,7.0425591,19.482258,-70.84116,santiago,santiago,no recuerda,2005,2005,0,,,4832.709961,0. Pure Control,0
3214,H0503,1. Follow-up1,12,berenjena,92,Male,1.8863997,19.3231,-71.233156,santiago,santiago,septiembre,2014,2014,1,diciembre,,4832.709961,0. Pure Control,0
3214,H0503,1. Follow-up1,13,tabaco,92,Male,1.2575998,19.32213,-71.243369,santiago,santiago,diciembre,2014,2014,1,abril,,4832.709961,0. Pure Control,0
3214,H0503,1. Follow-up1,13,pasto,92,Male,1.2575998,19.32213,-71.243369,santiago,santiago,no recuerda,1950,1950,0,,,4832.709961,0. Pure Control,0
3216,H0632,1. Follow-up1,11,guineo,36,Male,3.7727995,19.380452,-70.656353,santiago,villa gonzalez,no recuerda,2009,2009,0,,,1972.941528,2. Intended Beneficiaries,1
3222,H0619,1. Follow-up1,11,yuca,49,Male,6.2879992,19.534753,-70.793692,santiago,villa bisono navarrete,mayo,2014,1999,1,diciembre,,8487.758789,2. Intended Beneficiaries,1
3222,H0619,1. Follow-up1,11,pasto,49,Male,6.2879992,19.534753,-70.793692,santiago,villa bisono navarrete,no recuerda,1996,1996,0,,,8487.758789,2. Intended Beneficiaries,1
3222,H0619,1. Follow-up1,11,tabaco,49,Male,6.2879992,19.534753,-70.793692,santiago,villa bisono navarrete,octubre,2014,1999,1,mayo,,8487.758789,2. Intended Beneficiaries,1
3228,H0137,1. Follow-up1,21,batata,42,Male,5.5334392,19.416498,-70.479935,espaillat,juan lopez,agosto,2014,9999,1,diciembre,,4276.066406,0. Pure Control,0
3228,H0137,1. Follow-up1,21,habichuela roja,42,Male,5.5334392,19.416498,-70.479935,espaillat,juan lopez,noviembre,2014,9999,1,marzo,,4276.066406,0. Pure Control,0
3245,H0159,1. Follow-up1,21,plátano,52,Male,0.62879992,19.430553,-70.509538,espaillat,moca,abril,2013,9999,0,,,2466.177002,0. Pure Control,0
3258,H0805,1. Follow-up1,12,guineo,53,Male,6.036479,19.492004,-70.580743,santiago,tamboril,no recuerda,2009,2005,0,,,7533.668945,0. Pure Control,0
3258,H0805,1. Follow-up1,11,guineo,53,Male,5.2190394,19.490293,-70.582925,santiago,tamboril,no recuerda,2005,2005,0,,,7533.668945,0. Pure Control,0
3261,H0829,1. Follow-up1,21,plátano,38,Male,5.6591992,19.433189,-70.627283,santiago,tamboril,octubre,2010,2010,0,,,107.3243637,0. Pure Control,0
3266,H0608,1. Follow-up1,11,ají,56,Male,3.1439996,19.390644,-70.598162,santiago,santiago,septiembre,2014,2014,1,diciembre,,8734.375977,3. Treated Beneficiaries,1
3267,H0602,1. Follow-up1,21,plátano,64,Male,2.0121598,19.434099,-70.627699,santiago,licey al medio,junio,2013,2013,0,,,3425.245605,3. Treated Beneficiaries,1
3267,H0602,1. Follow-up1,11,plátano,64,Male,0.25151998,19.428438,-70.634528,santiago,licey al medio,junio,2013,2013,0,,,3425.245605,3. Treated Beneficiaries,1
3268,H0603,1. Follow-up1,21,chinola,80,Male,0.31439996,19.42468,-70.600794,santiago,licey al medio,mayo,2013,2013,0,,,2203.266113,2. Intended Beneficiaries,1
3295,H0478,1. Follow-up1,11,pasto,58,Male,3.0182395,19.798827,-70.908378,puerto plata,imbert,agosto,2013,2013,0,,,0,2. Intended Beneficiaries,1
3295,H0478,1. Follow-up1,11,pasto,58,Male,3.0182395,19.798827,-70.908378,puerto plata,imbert,junio,2014,2013,0,,,0,2. Intended Beneficiaries,1
3296,H0457,1. Follow-up1,11,plátano,48,Male,3.7727995,19.840521,-71.020905,puerto plata,luperon,agosto,2013,1996,0,,,14362.91113,1. Contaminated Control,0
3307,H0438,1. Follow-up1,11,plátano,53,Male,1.2575998,19.80262,-70.958983,puerto plata,luperon,abril,2014,1997,0,,,3506.595215,2. Intended Beneficiaries,1
3308,H0426,1. Follow-up1,11,plátano,67,Male,0.69167989,19.818288,-70.935631,puerto plata,luperon,febrero,2014,1983,0,,,4068.257568,3. Treated Beneficiaries,1
3312,H0430,1. Follow-up1,11,plátano,51,Male,1.8863997,19.812873,-70.957018,puerto plata,luperon,febrero,2014,2012,0,,,1461.438232,3. Treated Beneficiaries,1
3313,H0381,1. Follow-up1,11,pasto,71,Male,7.545599,19.801866,-70.951336,puerto plata,luperon,no recuerda,no recuerda,1985,0,,,0,2. Intended Beneficiaries,1
3314,H0452,1. Follow-up1,11,plátano,67,Male,1.2575998,19.843331,-71.03322,puerto plata,luperon,noviembre,2014,1995,0,,,1198.83606,3. Treated Beneficiaries,1
3324,H0276,1. Follow-up1,11,pasto,36,Male,1.7606398,19.816218,-70.99268,puerto plata,luperon,no recuerda,2010,2010,0,,,6119.772461,2. Intended Beneficiaries,1
3324,H0276,1. Follow-up1,11,plátano,36,Male,1.7606398,19.816218,-70.99268,puerto plata,luperon,julio,2013,1999,0,,,6119.772461,2. Intended Beneficiaries,1
3326,H0291,1. Follow-up1,12,lechoza,48,Male,0.75455987,19.799531,-70.975485,puerto plata,luperon,marzo,2014,2013,1,octubre,,12372.82617,3. Treated Beneficiaries,1
3326,H0291,1. Follow-up1,12,plátano,48,Male,0.75455987,19.799531,-70.975485,puerto plata,luperon,septiembre,2013,2013,0,,,12372.82617,3. Treated Beneficiaries,1
3326,H0291,1. Follow-up1,11,plátano,48,Male,0.94319987,19.803971,-70.980963,puerto plata,luperon,febrero,2013,2008,0,,,12372.82617,3. Treated Beneficiaries,1
3327,H0316,1. Follow-up1,11,plátano,49,Male,5.6591992,19.848061,-71.048097,puerto plata,villa isabela,octubre,2014,2014,0,,,4135.984375,3. Treated Beneficiaries,1
3327,H0316,1. Follow-up1,11,plátano,49,Male,5.6591992,19.848061,-71.048097,puerto plata,villa isabela,agosto,2013,2013,0,,,4135.984375,3. Treated Beneficiaries,1
3331,H0247,1. Follow-up1,11,plátano,28,Male,1.8863997,19.812097,-70.994175,puerto plata,luperon,marzo,2014,2014,0,,,6850.491211,1. Contaminated Control,0
3332,H0294,1. Follow-up1,13,plátano,72,Male,2.0750396,19.798123,-70.970244,puerto plata,luperon,mayo,2014,2014,0,,,0,3. Treated Beneficiaries,1
3332,H0294,1. Follow-up1,13,pasto,72,Male,2.0750396,19.798123,-70.970244,puerto plata,luperon,no recuerda,1990,1990,0,,,0,3. Treated Beneficiaries,1
3332,H0294,1. Follow-up1,14,pasto,72,Male,4.2129593,19.80833,-70.967459,puerto plata,luperon,no recuerda,1982,1982,0,,,0,3. Treated Beneficiaries,1
3332,H0294,1. Follow-up1,11,pasto,72,Male,7.0425591,19.801353,-70.973865,puerto plata,luperon,no recuerda,1981,1981,0,,,0,3. Treated Beneficiaries,1
3332,H0294,1. Follow-up1,12,pasto,72,Male,18.863998,19.806517,-70.976491,puerto plata,luperon,no recuerda,1979,1979,0,,,0,3. Treated Beneficiaries,1
3342,H0158,1. Follow-up1,21,plátano,49,Male,0.62879992,,,espaillat,moca,diciembre,2013,9999,0,,,1976.103271,0. Pure Control,0
3345,H0143,1. Follow-up1,11,plátano,86,Male,1.2575998,19.38417,-70.488172,espaillat,moca,mayo,2007,9999,0,,,513.7868652,0. Pure Control,0
3349,H0299,1. Follow-up1,11,pasto,78,Female,12.575998,19.80066,-70.968183,puerto plata,luperon,no recuerda,1980,1980,0,,,0,3. Treated Beneficiaries,1
3350,H0267,1. Follow-up1,12,plátano,49,Male,1.2575998,19.793445,-71.013729,puerto plata,luperon,octubre,2013,2000,0,,,7070.277832,1. Contaminated Control,0
3350,H0267,1. Follow-up1,13,plátano,49,Male,0.31439996,19.80717,-71.014782,puerto plata,luperon,noviembre,2013,2000,0,,,7070.277832,1. Contaminated Control,0
3350,H0267,1. Follow-up1,11,plátano,49,Male,0.94319987,19.812097,-70.994175,puerto plata,luperon,octubre,2013,2000,0,,,7070.277832,1. Contaminated Control,0
3356,H0268,1. Follow-up1,11,pasto,79,Female,3.4583995,19.887165,-70.957801,puerto plata,luperon,no recuerda,1970,1970,0,,,0,2. Intended Beneficiaries,1
3359,H0130,1. Follow-up1,11,berenjena,37,Male,0.81743991,,,espaillat,moca,febrero,2014,2010,1,noviembre,,13603.11816,0. Pure Control,0
3365,H0152,1. Follow-up1,11,espinaca,50,Male,1.1947198,19.396272,-70.554837,espaillat,moca,octubre,2014,2005,1,noviembre,,16024.98926,0. Pure Control,0
3365,H0152,1. Follow-up1,11,espinaca,50,Male,1.1947198,19.396272,-70.554837,espaillat,moca,julio,2014,2005,1,agosto,,16024.98926,0. Pure Control,0
3365,H0152,1. Follow-up1,11,lechuga,50,Male,1.1947198,19.396272,-70.554837,espaillat,moca,abril,2014,2005,1,mayo,,16024.98926,0. Pure Control,0
3365,H0152,1. Follow-up1,11,puerro,50,Male,1.1947198,19.396272,-70.554837,espaillat,moca,abril,2014,2005,1,mayo,,16024.98926,0. Pure Control,0
3365,H0152,1. Follow-up1,11,lechuga,50,Male,1.1947198,19.396272,-70.554837,espaillat,moca,enero,2014,2005,1,marzo,,16024.98926,0. Pure Control,0
3365,H0152,1. Follow-up1,11,puerro,50,Male,1.1947198,19.396272,-70.554837,espaillat,moca,julio,2014,2005,1,agosto,,16024.98926,0. Pure Control,0
3365,H0152,1. Follow-up1,11,espinaca,50,Male,1.1947198,19.396272,-70.554837,espaillat,moca,abril,2014,2005,1,mayo,,16024.98926,0. Pure Control,0
3365,H0152,1. Follow-up1,11,muzu chino,50,Male,1.1947198,19.396272,-70.554837,espaillat,moca,marzo,2014,2014,1,junio,,16024.98926,0. Pure Control,0
3365,H0152,1. Follow-up1,11,puerro,50,Male,1.1947198,19.396272,-70.554837,espaillat,moca,enero,2014,2005,1,marzo,,16024.98926,0. Pure Control,0
3365,H0152,1. Follow-up1,11,lechuga,50,Male,1.1947198,19.396272,-70.554837,espaillat,moca,octubre,2014,2005,1,noviembre,,16024.98926,0. Pure Control,0
3365,H0152,1. Follow-up1,11,cundeamor chino,50,Male,1.1947198,19.396272,-70.554837,espaillat,moca,julio,2014,2014,1,octubre,,16024.98926,0. Pure Control,0
3365,H0152,1. Follow-up1,11,cilantro verde,50,Male,1.1947198,19.396272,-70.554837,espaillat,moca,julio,2014,2005,1,agosto,,16024.98926,0. Pure Control,0
3365,H0152,1. Follow-up1,11,cilantro verde,50,Male,1.1947198,19.396272,-70.554837,espaillat,moca,enero,2014,2005,1,marzo,,16024.98926,0. Pure Control,0
3365,H0152,1. Follow-up1,11,lechuga,50,Male,1.1947198,19.396272,-70.554837,espaillat,moca,julio,2014,2005,1,agosto,,16024.98926,0. Pure Control,0
3365,H0152,1. Follow-up1,11,puerro,50,Male,1.1947198,19.396272,-70.554837,espaillat,moca,octubre,2014,2005,1,noviembre,,16024.98926,0. Pure Control,0
3365,H0152,1. Follow-up1,11,espinaca,50,Male,1.1947198,19.396272,-70.554837,espaillat,moca,enero,2014,2005,1,marzo,,16024.98926,0. Pure Control,0
3374,H0156,1. Follow-up1,11,plátano,50,Male,2.6409597,19.397899,-70.584081,espaillat,moca,febrero,2007,2000,0,,,2124.253174,0. Pure Control,0
3374,H0156,1. Follow-up1,12,plátano,50,Male,0.94319987,19.428423,-70.607866,santiago,licey al medio,febrero,2007,2000,0,,,2124.253174,0. Pure Control,0
3375,H0138,1. Follow-up1,21,berenjena,33,Male,1.8863997,19.431086,-70.506591,espaillat,juan lopez,marzo,2014,2012,1,diciembre,,6393.791992,0. Pure Control,0
3380,H0151,1. Follow-up1,21,plátano,57,Male,4.1500793,19.398208,-70.557189,espaillat,moca,mayo,2007,9999,0,,,1966.972778,0. Pure Control,0
3384,H0131,1. Follow-up1,11,plátano,85,Male,0.94319987,19.431721,-70.573834,espaillat,moca,febrero,2000,2000,0,,,3596.508057,0. Pure Control,0
3386,H0129,1. Follow-up1,11,plátano,32,Male,1.2575998,19.444803,-70.570513,espaillat,moca,febrero,2009,2009,0,,,2157.904785,0. Pure Control,0
3415,H0458,1. Follow-up1,11,yuca,45,Male,1.8863997,19.83031,-71.001232,puerto plata,luperon,febrero,2014,2003,1,noviembre,,5137.868652,3. Treated Beneficiaries,1
3424,H0380,1. Follow-up1,11,pasto,47,Male,1.8863997,19.798814,-70.991668,puerto plata,luperon,noviembre,2014,2003,0,,,0,2. Intended Beneficiaries,1
3431,H0282,1. Follow-up1,11,cereza,49,Male,1.5719998,19.752398,-70.823576,puerto plata,luperon,no recuerda,2013,2013,0,,,12673.40918,3. Treated Beneficiaries,1
3431,H0282,1. Follow-up1,12,cereza,49,Male,3.1439996,19.753255,-70.821249,puerto plata,luperon,no recuerda,2013,2013,0,,,12673.40918,3. Treated Beneficiaries,1
3443,H0220,1. Follow-up1,11,pasto,73,Female,16.348799,19.73231,-70.911274,puerto plata,imbert,no recuerda,1970,1970,0,,,16869.33398,1. Contaminated Control,0
3443,H0220,1. Follow-up1,12,plátano,73,Female,0.62879992,19.737462,-70.895504,puerto plata,imbert,agosto,2013,2013,0,,,16869.33398,1. Contaminated Control,0
3443,H0220,1. Follow-up1,12,guineo,73,Female,0.62879992,19.737462,-70.895504,puerto plata,imbert,agosto,2013,2013,0,,,16869.33398,1. Contaminated Control,0
3445,H0318,1. Follow-up1,11,pasto,44,Male,33.326397,19.81977,-71.057382,puerto plata,villa isabela,no recuerda,2000,2000,0,,,0,1. Contaminated Control,0
3445,H0318,1. Follow-up1,12,pasto,44,Male,5.2190394,19.806528,-71.017542,puerto plata,villa isabela,no recuerda,2002,2002,0,,,0,1. Contaminated Control,0
3445,H0318,1. Follow-up1,13,pasto,44,Male,4.2129593,19.816955,-71.067506,puerto plata,villa isabela,no recuerda,2002,2002,0,,,0,1. Contaminated Control,0
3448,H0275,1. Follow-up1,12,pasto,73,Female,1.8863997,19.813858,-71.008328,puerto plata,luperon,no recuerda,2000,2000,0,,,0,1. Contaminated Control,0
3448,H0275,1. Follow-up1,11,pasto,73,Female,1.5719998,19.814559,-71.003044,puerto plata,luperon,no recuerda,2000,2000,0,,,0,1. Contaminated Control,0
3449,H0280,1. Follow-up1,21,pasto,55,Male,10.689599,19.753579,-70.824797,puerto plata,luperon,no recuerda,1990,1990,0,,,2397.672119,3. Treated Beneficiaries,1
3449,H0280,1. Follow-up1,11,lechoza,55,Male,2.5151997,19.841034,-71.022453,puerto plata,luperon,junio,2014,2014,1,diciembre,,2397.672119,3. Treated Beneficiaries,1
3449,H0280,1. Follow-up1,12,pasto,55,Male,6.6023993,19.819747,-71.042114,puerto plata,villa isabela,no recuerda,2000,2000,0,,,2397.672119,3. Treated Beneficiaries,1
3449,H0280,1. Follow-up1,13,pasto,55,Male,1.7606398,19.819593,-71.041167,puerto plata,villa isabela,no recuerda,2000,2000,0,,,2397.672119,3. Treated Beneficiaries,1
3458,H0799,1. Follow-up1,11,berenjena,25,Male,1.8863997,19.396808,-70.938764,santiago,san jose de las matas,no recuerda,2008,2008,1,junio,,7706.802734,2. Intended Beneficiaries,1
3514,H0140,1. Follow-up1,21,berenjena,44,Male,1.8863997,19.425526,-70.513926,espaillat,juan lopez,febrero,2014,2010,1,noviembre,,7193.016113,0. Pure Control,0
3540,H1244,1. Follow-up1,11,ají,55,Male,1.2575998,18.406295,-71.628937,independencia,duverge,agosto,2014,2014,1,diciembre,,8083.57959,0. Pure Control,0
3542,H1243,1. Follow-up1,11,ají,73,Male,1.2575998,18.399213,-71.617684,independencia,duverge,abril,2014,2014,1,diciembre,,8083.57959,0. Pure Control,0
3554,H1237,1. Follow-up1,11,ají,50,Male,1.2575998,18.486563,-71.851193,independencia,duverge,agosto,2014,2014,1,diciembre,,8426.104492,0. Pure Control,0
3557,H1249,1. Follow-up1,11,ají,54,Male,1.2575998,18.395203,-71.592804,independencia,duverge,octubre,2014,2014,1,diciembre,,8083.57959,0. Pure Control,0
3558,H1242,1. Follow-up1,11,ají,71,Male,1.2575998,18.394247,-71.624122,independencia,duverge,agosto,2014,2014,1,diciembre,,8083.57959,0. Pure Control,0
3560,H1265,1. Follow-up1,11,ají,52,Male,1.2575998,18.402499,-71.594126,independencia,duverge,agosto,2014,2014,1,diciembre,,8083.57959,0. Pure Control,0
3566,H1253,1. Follow-up1,11,ají,50,Male,1.2575998,18.409788,-71.632244,independencia,duverge,agosto,2014,2014,1,diciembre,,8426.104492,0. Pure Control,0
3625,H1287,1. Follow-up1,11,lechoza,79,Male,1.8863997,18.433421,-71.776312,independencia,jimani,marzo,2014,2014,1,mayo,,232.9167023,0. Pure Control,0
3627,H1279,1. Follow-up1,11,guineo,47,Male,1.8863997,18.435236,-71.771978,independencia,duverge,no recuerda,2013,2013,0,,,525.2043457,0. Pure Control,0
3627,H1279,1. Follow-up1,11,maiz grano/mazorca,47,Male,1.8863997,18.435236,-71.771978,independencia,duverge,febrero,2014,1980,1,mayo,,525.2043457,0. Pure Control,0
3631,H1240,1. Follow-up1,21,plátano,75,Male,0.12575999,18.39906,-71.593798,independencia,duverge,noviembre,2005,1960,0,,,2740.196777,0. Pure Control,0
3632,H1288,1. Follow-up1,11,lechoza,63,Female,1.2575998,18.43593,-71.777091,independencia,duverge,marzo,2014,2014,1,mayo,,530.9130859,0. Pure Control,0
3689,H1284,1. Follow-up1,11,rulo,45,Male,1.8863997,18.432705,-71.77879,independencia,jimani,no recuerda,2013,2013,0,,,397.1572571,0. Pure Control,0
3689,H1284,1. Follow-up1,11,maiz grano/mazorca,45,Male,1.8863997,18.432705,-71.77879,independencia,jimani,julio,2014,1990,1,octubre,,397.1572571,0. Pure Control,0
3692,H1292,1. Follow-up1,11,limon,46,Male,1.5719998,18.487378,-71.859054,independencia,jimani,febrero,2013,2005,0,,,2466.176758,0. Pure Control,0
3692,H1292,1. Follow-up1,21,lechoza,46,Male,1.5719998,18.483487,-71.858551,independencia,jimani,abril,2014,2005,1,noviembre,,2466.176758,0. Pure Control,0
3694,H1293,1. Follow-up1,11,plátano,55,Female,0.94319987,18.490254,-71.858086,independencia,jimani,enero,2014,2000,0,,,0,0. Pure Control,0
3705,H1221,1. Follow-up1,11,chinola,67,Male,2.5151997,18.308657,-71.418711,independencia,cristobal,diciembre,2014,2014,0,,,0,0. Pure Control,0
3709,H1298,1. Follow-up1,11,limon,40,Male,1.7606398,18.485699,-71.86016,independencia,jimani,marzo,2014,2014,0,,,0,0. Pure Control,0
3711,H1295,1. Follow-up1,11,sandia,45,Male,1.5719998,18.484362,-71.855839,independencia,jimani,mayo,2014,2004,1,,,0,0. Pure Control,0
3712,H1275,1. Follow-up1,11,guineo,74,Female,1.8863997,18.431412,-71.772573,independencia,jimani,mayo,2000,2000,0,,,650.7966919,0. Pure Control,0
3712,H1275,1. Follow-up1,11,maiz grano/mazorca,74,Female,1.8863997,18.431412,-71.772573,independencia,jimani,marzo,2014,2000,1,septiembre,,650.7966919,0. Pure Control,0
3713,H1278,1. Follow-up1,11,limon,69,Male,1.2575998,18.429019,-71.783284,independencia,jimani,agosto,2010,2013,0,,,864.1895142,0. Pure Control,0
3713,H1278,1. Follow-up1,11,plátano,69,Male,1.2575998,18.429019,-71.783284,independencia,jimani,mayo,2008,2008,0,,,864.1895142,0. Pure Control,0
3714,H1277,1. Follow-up1,11,rulo,65,Male,1.8863997,18.427899,-71.768443,independencia,jimani,noviembre,2014,2014,0,,,18267.97656,0. Pure Control,0
3714,H1277,1. Follow-up1,11,limon,65,Male,1.8863997,18.427899,-71.768443,independencia,jimani,febrero,2010,2010,0,,,18267.97656,0. Pure Control,0
3715,H1274,1. Follow-up1,11,plátano,61,Male,3.1439996,18.427404,-71.771796,independencia,jimani,no recuerda,2001,2001,0,,,3288.23584,0. Pure Control,0
3718,H1282,1. Follow-up1,11,lechoza,71,Male,1.2575998,18.424549,-71.781821,independencia,jimani,diciembre,2014,2014,1,,,0,0. Pure Control,0
3719,H1276,1. Follow-up1,11,lechoza,65,Male,1.8863997,18.433942,-71.769092,independencia,duverge,noviembre,2014,1950,1,,,0,0. Pure Control,0
3720,H1230,1. Follow-up1,11,,39,Male,2.2007997,18.317827,-71.593568,independencia,duverge,,,,0,,,2237.174805,0. Pure Control,0
3721,H1285,1. Follow-up1,11,rulo,61,Male,1.8863997,18.429946,-71.780366,independencia,jimani,agosto,2014,2014,0,,,460.1246643,0. Pure Control,0
3722,H1228,1. Follow-up1,11,berenjenas chinas,71,Male,2.5151997,18.346994,-71.568029,independencia,duverge,marzo,2014,2000,1,octubre,,214.0778503,0. Pure Control,0
3723,H1231,1. Follow-up1,12,ají,51,Male,2.2636797,18.350104,-71.567941,independencia,duverge,junio,2014,2008,1,octubre,,1790.642334,0. Pure Control,0
3723,H1231,1. Follow-up1,11,berenjenas chinas,51,Male,2.2636797,18.347488,-71.569351,independencia,duverge,junio,2014,2006,1,octubre,,1790.642334,0. Pure Control,0
3726,H1629,1. Follow-up1,11,pasto,75,Male,179.20798,18.692118,-70.988297,azua,padre las casas,julio,2014,2008,0,,,30.82721138,3. Treated Beneficiaries,1
3726,H1629,1. Follow-up1,11,limon,75,Male,179.20798,18.692118,-70.988297,azua,padre las casas,enero,2010,2010,0,,,30.82721138,3. Treated Beneficiaries,1
3726,H1629,1. Follow-up1,11,pasto,75,Male,179.20798,18.692118,-70.988297,azua,padre las casas,no recuerda,1986,1986,0,,,30.82721138,3. Treated Beneficiaries,1
3727,H1603,1. Follow-up1,12,aguacate,48,Male,4.4015994,18.633328,-70.754194,azua,padre las casas,no recuerda,2006,2006,0,,,108.4661102,1. Contaminated Control,0
3727,H1603,1. Follow-up1,11,maiz grano/mazorca,48,Male,6.2879992,18.62768,-70.759645,azua,padre las casas,abril,2014,1975,1,septiembre,,108.4661102,1. Contaminated Control,0
3727,H1603,1. Follow-up1,12,auyama,48,Male,4.4015994,18.633328,-70.754194,azua,padre las casas,abril,2014,1975,1,noviembre,,108.4661102,1. Contaminated Control,0
3727,H1603,1. Follow-up1,14,pasto,48,Male,31.439997,18.467002,-70.578204,azua,padre las casas,no recuerda,1995,1995,0,,,108.4661102,1. Contaminated Control,0
3727,H1603,1. Follow-up1,11,habichuela negra,48,Male,6.2879992,18.62768,-70.759645,azua,padre las casas,abril,2014,1975,1,julio,,108.4661102,1. Contaminated Control,0
3727,H1603,1. Follow-up1,11,guandul,48,Male,6.2879992,18.62768,-70.759645,azua,padre las casas,abril,2014,1975,1,noviembre,,108.4661102,1. Contaminated Control,0
3727,H1603,1. Follow-up1,13,pasto,48,Male,5.0303993,18.634757,-70.767438,azua,padre las casas,no recuerda,1990,1990,0,,,108.4661102,1. Contaminated Control,0
3727,H1603,1. Follow-up1,14,aguacate,48,Male,31.439997,18.467002,-70.578204,azua,padre las casas,no recuerda,1995,1995,0,,,108.4661102,1. Contaminated Control,0
3728,H1677,1. Follow-up1,11,pasto,38,Male,3.7727995,18.773368,-70.891994,azua,padre las casas,no recuerda,2005,2005,0,,,0,2. Intended Beneficiaries,1
3753,H1289,1. Follow-up1,11,rulo,39,Male,1.2575998,18.430068,-71.772694,independencia,jimani,diciembre,2014,2015,0,,,0,0. Pure Control,0
3755,H1286,1. Follow-up1,11,lechoza,39,Male,1.2575998,18.425169,-71.77547,independencia,jimani,septiembre,2014,2014,1,abril,,291.145874,0. Pure Control,0
3767,H1280,1. Follow-up1,11,rulo,65,Male,1.2575998,18.426375,-71.781766,independencia,jimani,enero,2014,2014,0,,,0,0. Pure Control,0
3768,H1281,1. Follow-up1,11,rulo,49,Male,1.2575998,18.430436,-71.769337,independencia,jimani,enero,2014,2014,0,,,734.71521,0. Pure Control,0
3776,H2086,1. Follow-up1,11,aguacate,60,Male,2.2007997,18.79905,-71.073384,san juan,san juan de la maguana,no recuerda,2010,2010,0,,,0,2. Intended Beneficiaries,1
3781,H1631,1. Follow-up1,11,arboles maderables,62,Male,1.8863997,18.728467,-70.946362,azua,padre las casas,no recuerda,1985,1985,0,,,0,1. Contaminated Control,0
3782,H1678,1. Follow-up1,11,aguacate,65,Male,12.575998,18.728161,-70.949391,azua,padre las casas,no recuerda,2002,2002,0,,,1162.50769,2. Intended Beneficiaries,1
3782,H1678,1. Follow-up1,12,limon,65,Male,6.2879992,18.746346,-70.914641,azua,padre las casas,no recuerda,2012,2012,0,,,1162.50769,2. Intended Beneficiaries,1
3782,H1678,1. Follow-up1,12,yuca,65,Male,6.2879992,18.746346,-70.914641,azua,padre las casas,marzo,2014,2014,1,marzo,,1162.50769,2. Intended Beneficiaries,1
3782,H1678,1. Follow-up1,12,pasto,65,Male,6.2879992,18.746346,-70.914641,azua,padre las casas,no recuerda,1990,1990,0,,,1162.50769,2. Intended Beneficiaries,1
3782,H1678,1. Follow-up1,11,cafe,65,Male,12.575998,18.728161,-70.949391,azua,padre las casas,no recuerda,1995,1995,0,,,1162.50769,2. Intended Beneficiaries,1
3782,H1678,1. Follow-up1,12,plátano,65,Male,6.2879992,18.746346,-70.914641,azua,padre las casas,marzo,2014,2014,0,,,1162.50769,2. Intended Beneficiaries,1
3783,H1541,1. Follow-up1,12,aguacate,51,Female,2.3265598,18.902799,-70.858002,azua,padre las casas,abril,2007,2007,0,,,222.7065735,3. Treated Beneficiaries,1
3783,H1541,1. Follow-up1,11,maiz grano/mazorca,51,Female,3.1439996,18.721062,-70.882015,azua,padre las casas,abril,2014,2014,1,septiembre,,222.7065735,3. Treated Beneficiaries,1
3783,H1541,1. Follow-up1,11,auyama,51,Female,3.1439996,18.721062,-70.882015,azua,padre las casas,abril,2014,2014,1,noviembre,,222.7065735,3. Treated Beneficiaries,1
3783,H1541,1. Follow-up1,11,habichuela negra,51,Female,3.1439996,18.721062,-70.882015,azua,padre las casas,abril,2014,2014,1,julio,,222.7065735,3. Treated Beneficiaries,1
3783,H1541,1. Follow-up1,12,cafe,51,Female,2.3265598,18.902799,-70.858002,azua,padre las casas,abril,2014,2007,0,,,222.7065735,3. Treated Beneficiaries,1
3783,H1541,1. Follow-up1,12,guineo,51,Female,2.3265598,18.902799,-70.858002,azua,padre las casas,abril,2007,2007,0,,,222.7065735,3. Treated Beneficiaries,1
3783,H1541,1. Follow-up1,11,guandul,51,Female,3.1439996,18.721062,-70.882015,azua,padre las casas,abril,2014,2014,1,noviembre,,222.7065735,3. Treated Beneficiaries,1
3787,H1683,1. Follow-up1,11,aguacate,48,Female,12.575998,18.733993,-70.91039,azua,padre las casas,enero,2009,2009,0,,,34.28670883,3. Treated Beneficiaries,1
3787,H1683,1. Follow-up1,11,limon,48,Female,12.575998,18.733993,-70.91039,azua,padre las casas,enero,2013,2013,0,,,34.28670883,3. Treated Beneficiaries,1
3789,H1681,1. Follow-up1,11,guandul,48,Male,1.8863997,18.725346,-70.892527,azua,padre las casas,abril,2014,2005,1,diciembre,,359.6508179,3. Treated Beneficiaries,1
3790,H1672,1. Follow-up1,11,guandul,58,Male,1.8863997,18.713262,-70.942096,azua,padre las casas,abril,2014,1995,1,noviembre,,128.4467163,2. Intended Beneficiaries,1
3790,H1672,1. Follow-up1,11,habichuela negra,58,Male,1.8863997,18.713262,-70.942096,azua,padre las casas,abril,2014,1995,1,agosto,,128.4467163,2. Intended Beneficiaries,1
3792,H1622,1. Follow-up1,11,guandul,41,Male,6.2879992,18.505151,-70.587416,azua,padre las casas,junio,2014,2008,1,diciembre,,155.2778015,2. Intended Beneficiaries,1
3792,H1622,1. Follow-up1,11,pasto,41,Male,6.2879992,18.505151,-70.587416,azua,padre las casas,no recuerda,2008,2008,0,,,155.2778015,2. Intended Beneficiaries,1
3792,H1622,1. Follow-up1,11,limon,41,Male,6.2879992,18.505151,-70.587416,azua,padre las casas,marzo,2014,2014,0,,,155.2778015,2. Intended Beneficiaries,1
3807,H1467,1. Follow-up1,11,tomate industrial,61,Male,1.1947198,18.452733,-70.643343,azua,nuevo sabana yegua,noviembre,2014,1987,1,abril,,5266.31543,0. Pure Control,0
3832,H2159,1. Follow-up1,11,habichuela roja,23,Male,12.575998,18.882355,-71.260455,san juan,vallejuelo,agosto,2014,2011,1,noviembre,,5480.393066,3. Treated Beneficiaries,1
3837,H2214,1. Follow-up1,11,ají,35,Male,1.1318399,18.775982,-71.549012,san juan,vallejuelo,septiembre,2014,1998,1,diciembre,,3996.119873,2. Intended Beneficiaries,1
3846,H2116,1. Follow-up1,11,pasto,57,Male,6.4766393,18.924435,-71.518042,san juan,las matas de farfan,septiembre,2014,2007,0,,,593.7092285,0. Pure Control,0
3846,H2116,1. Follow-up1,11,maiz grano/mazorca,57,Male,6.4766393,18.924435,-71.518042,san juan,las matas de farfan,octubre,2014,2000,1,febrero,,593.7092285,0. Pure Control,0
3850,H2102,1. Follow-up1,11,habichuela roja,61,Male,2.5151997,18.945386,-71.262174,san juan,san juan de la maguana,noviembre,2014,1985,1,febrero,,2634.013916,3. Treated Beneficiaries,1
3850,H2102,1. Follow-up1,11,pasto,61,Male,2.5151997,18.945386,-71.262174,san juan,san juan de la maguana,no recuerda,1984,1984,0,,,2634.013916,3. Treated Beneficiaries,1
3850,H2102,1. Follow-up1,11,yuca,61,Male,2.5151997,18.945386,-71.262174,san juan,san juan de la maguana,abril,2014,1985,1,julio,,2634.013916,3. Treated Beneficiaries,1
3861,H1978,1. Follow-up1,11,ají,30,Male,5.4076791,18.888173,-71.710384,elías piña,comendador,agosto,2014,2014,1,noviembre,,8563.114258,3. Treated Beneficiaries,1
3863,H1984,1. Follow-up1,11,maiz grano/mazorca,28,Male,1.8863997,18.892192,-71.707842,elías piña,comendador,septiembre,2014,2005,1,diciembre,,730.7191162,3. Treated Beneficiaries,1
3863,H1984,1. Follow-up1,11,guandul,28,Male,1.8863997,18.892192,-71.707842,elías piña,comendador,septiembre,2014,2005,1,diciembre,,730.7191162,3. Treated Beneficiaries,1
3865,H1973,1. Follow-up1,11,mani,83,Male,1.8863997,18.87754,-71.680492,elías piña,comendador,abril,2014,2007,1,julio,,890.5639038,3. Treated Beneficiaries,1
3865,H1973,1. Follow-up1,11,guandul,83,Male,1.8863997,18.87754,-71.680492,elías piña,comendador,abril,2014,2007,1,julio,,890.5639038,3. Treated Beneficiaries,1
3865,H1973,1. Follow-up1,12,,83,Male,1.2575998,18.709612,-71.683934,elías piña,comendador,,,,0,,,890.5639038,3. Treated Beneficiaries,1
3867,H2209,1. Follow-up1,11,habichuela roja,59,Male,2.5151997,18.81643,-71.148406,san juan,vallejuelo,septiembre,2014,1990,1,diciembre,,4247.304688,3. Treated Beneficiaries,1
3867,H2209,1. Follow-up1,11,cebolla,59,Male,2.5151997,18.81643,-71.148406,san juan,vallejuelo,diciembre,2014,1990,1,mayo,,4247.304688,3. Treated Beneficiaries,1
3868,H2150,1. Follow-up1,11,cebolla,53,Male,1.0060799,18.734852,-71.12656,san juan,vallejuelo,noviembre,2014,1990,1,abril,,4003.255859,3. Treated Beneficiaries,1
3870,H2192,1. Follow-up1,11,habichuela roja,59,Male,0.94319987,18.819372,-71.150986,san juan,vallejuelo,septiembre,2014,1974,1,diciembre,,1541.360474,1. Contaminated Control,0
3873,H2212,1. Follow-up1,11,cebolla,56,Male,6.2879992,18.824062,-71.153756,san juan,vallejuelo,noviembre,2014,1992,1,noviembre,,4589.829102,3. Treated Beneficiaries,1
3874,H2206,1. Follow-up1,11,habichuela roja,59,Male,2.2007997,18.666923,-71.352908,san juan,vallejuelo,agosto,2014,1990,1,noviembre,,411.02948,3. Treated Beneficiaries,1
3880,H2197,1. Follow-up1,11,habichuela roja,40,Male,18.863998,18.764958,-71.563825,san juan,vallejuelo,septiembre,2014,2006,1,diciembre,,143.860321,1. Contaminated Control,0
3887,H2211,1. Follow-up1,11,habichuela roja,46,Male,1.5719998,18.667746,-71.345965,san juan,vallejuelo,septiembre,2014,1984,1,diciembre,,4776.314941,1. Contaminated Control,0
3887,H2211,1. Follow-up1,11,cebolla,46,Male,1.5719998,18.667746,-71.345965,san juan,vallejuelo,octubre,2014,1984,1,abril,,4776.314941,1. Contaminated Control,0
3888,H2204,1. Follow-up1,11,maiz grano/mazorca,56,Male,0.88031989,18.678475,-71.341936,san juan,vallejuelo,septiembre,2014,2010,1,diciembre,,286.2526855,2. Intended Beneficiaries,1
3889,H2158,1. Follow-up1,11,cebolla,25,Male,0.94319987,18.886786,-71.256216,san juan,vallejuelo,diciembre,2014,2008,1,,,0,1. Contaminated Control,0
3893,H2213,1. Follow-up1,11,cebolla,37,Male,2.8295996,18.798549,-71.123673,san juan,vallejuelo,diciembre,2014,2009,1,,,0,3. Treated Beneficiaries,1
3894,H2199,1. Follow-up1,11,cebolla,32,Male,3.1439996,18.771108,-71.561762,san juan,vallejuelo,diciembre,2014,1987,1,mayo,,2760.748047,2. Intended Beneficiaries,1
3894,H2199,1. Follow-up1,11,habichuela roja,32,Male,3.1439996,18.771108,-71.561762,san juan,vallejuelo,septiembre,2014,1987,1,diciembre,,2760.748047,2. Intended Beneficiaries,1
3895,H2200,1. Follow-up1,11,habichuela roja,22,Male,3.7727995,18.823267,-71.151101,san juan,vallejuelo,agosto,2014,2000,1,noviembre,,1398.641968,3. Treated Beneficiaries,1
3900,H2203,1. Follow-up1,11,habichuela roja,77,Male,0.75455987,18.82052,-71.15329,san juan,vallejuelo,abril,2014,1996,1,julio,,799.223999,2. Intended Beneficiaries,1
3901,H2210,1. Follow-up1,11,cebolla,41,Female,5.0303993,18.822064,-71.152366,san juan,vallejuelo,diciembre,2014,2002,1,mayo,,3767.770264,2. Intended Beneficiaries,1
3903,H2208,1. Follow-up1,11,habichuela roja,47,Male,1.8863997,18.802134,-71.123458,san juan,vallejuelo,septiembre,2014,1995,1,diciembre,,146.1438141,2. Intended Beneficiaries,1
3909,H1615,1. Follow-up1,11,arboles maderables,52,Male,5.0303993,18.533346,-70.805848,azua,padre las casas,abril,2002,2002,0,,,453.8450623,1. Contaminated Control,0
3909,H1615,1. Follow-up1,11,limon,52,Male,5.0303993,18.533346,-70.805848,azua,padre las casas,abril,2002,2002,0,,,453.8450623,1. Contaminated Control,0
3909,H1615,1. Follow-up1,11,aguacate,52,Male,5.0303993,18.533346,-70.805848,azua,padre las casas,abril,2002,2002,0,,,453.8450623,1. Contaminated Control,0
3912,H1547,1. Follow-up1,11,arboles maderables,68,Male,3.1439996,18.694243,-70.950913,azua,padre las casas,no recuerda,1975,1975,0,,,3904.780029,2. Intended Beneficiaries,1
3912,H1547,1. Follow-up1,11,limon,68,Male,3.1439996,18.694243,-70.950913,azua,padre las casas,no recuerda,2012,2012,0,,,3904.780029,2. Intended Beneficiaries,1
3912,H1547,1. Follow-up1,11,aguacate,68,Male,3.1439996,18.694243,-70.950913,azua,padre las casas,no recuerda,2003,2003,0,,,3904.780029,2. Intended Beneficiaries,1
3914,H1696,1. Follow-up1,11,auyama,29,Male,1.8863997,18.890127,-70.853212,azua,padre las casas,abril,2014,2014,1,diciembre,,267.1691589,2. Intended Beneficiaries,1
3914,H1696,1. Follow-up1,11,guandul,29,Male,1.8863997,18.890127,-70.853212,azua,padre las casas,abril,2014,2014,1,diciembre,,267.1691589,2. Intended Beneficiaries,1
3915,H1692,1. Follow-up1,11,cafe,27,Male,1.8863997,18.889566,-70.853968,azua,padre las casas,no recuerda,1996,1995,0,,,438.4314575,1. Contaminated Control,0
3918,H1626,1. Follow-up1,11,pasto,47,Male,5.0303993,18.90349,-70.861009,azua,padre las casas,no recuerda,2008,2008,0,,,0,1. Contaminated Control,0
3920,H1624,1. Follow-up1,11,aguacate,72,Male,2.8295996,18.482028,-70.688897,azua,padre las casas,abril,2014,2004,0,,,275.8274231,2. Intended Beneficiaries,1
3920,H1624,1. Follow-up1,11,habichuela negra,72,Male,2.8295996,18.482028,-70.688897,azua,padre las casas,abril,2014,2014,1,julio,,275.8274231,2. Intended Beneficiaries,1
3920,H1624,1. Follow-up1,11,maiz grano/mazorca,72,Male,2.8295996,18.482028,-70.688897,azua,padre las casas,abril,2014,2014,1,octubre,,275.8274231,2. Intended Beneficiaries,1
3920,H1624,1. Follow-up1,11,guandul,72,Male,2.8295996,18.482028,-70.688897,azua,padre las casas,abril,2014,2014,1,noviembre,,275.8274231,2. Intended Beneficiaries,1
3922,H1617,1. Follow-up1,11,aguacate,61,Male,12.575998,18.523028,-70.571576,azua,padre las casas,febrero,2000,2000,0,,,132.4428253,2. Intended Beneficiaries,1
3922,H1617,1. Follow-up1,11,guineo,61,Male,12.575998,18.523028,-70.571576,azua,padre las casas,enero,1965,1965,0,,,132.4428253,2. Intended Beneficiaries,1
3922,H1617,1. Follow-up1,11,cafe,61,Male,12.575998,18.523028,-70.571576,azua,padre las casas,enero,1965,1965,0,,,132.4428253,2. Intended Beneficiaries,1
3923,H1565,1. Follow-up1,12,guineo,67,Male,6.2879992,18.531743,-70.615954,azua,guayabal,no recuerda,2000,2000,0,,,356.7425842,2. Intended Beneficiaries,1
3923,H1565,1. Follow-up1,11,habichuela roja,67,Male,3.7727995,18.75421,-70.843647,azua,guayabal,abril,2014,2000,1,agosto,,356.7425842,2. Intended Beneficiaries,1
3923,H1565,1. Follow-up1,12,aguacate,67,Male,6.2879992,18.531743,-70.615954,azua,guayabal,no recuerda,2000,2000,0,,,356.7425842,2. Intended Beneficiaries,1
3923,H1565,1. Follow-up1,12,cafe,67,Male,6.2879992,18.531743,-70.615954,azua,guayabal,no recuerda,2000,2000,0,,,356.7425842,2. Intended Beneficiaries,1
3924,H1638,1. Follow-up1,12,pasto,49,Male,25.151997,18.736294,-70.93756,azua,padre las casas,no recuerda,2007,2007,0,,,1096.078613,3. Treated Beneficiaries,1
3924,H1638,1. Follow-up1,12,aguacate,49,Male,25.151997,18.736294,-70.93756,azua,padre las casas,no recuerda,2011,2011,0,,,1096.078613,3. Treated Beneficiaries,1
3924,H1638,1. Follow-up1,11,pasto,49,Male,4.4015994,18.734517,-70.936428,azua,padre las casas,no recuerda,2005,2005,0,,,1096.078613,3. Treated Beneficiaries,1
3925,H1647,1. Follow-up1,11,limon,59,Male,3.1439996,18.58207,-70.94789,azua,padre las casas,abril,2014,2014,0,,,154.1360626,3. Treated Beneficiaries,1
3925,H1647,1. Follow-up1,12,guineo,59,Male,1.2575998,18.733282,-70.935544,azua,padre las casas,abril,1995,1995,0,,,154.1360626,3. Treated Beneficiaries,1
3925,H1647,1. Follow-up1,11,aguacate,59,Male,3.1439996,18.58207,-70.94789,azua,padre las casas,abril,2013,2013,0,,,154.1360626,3. Treated Beneficiaries,1
3927,H1559,1. Follow-up1,21,guandul,43,Female,0.62879992,18.720926,-70.779257,azua,guayabal,abril,2014,1995,1,diciembre,,105.4615021,2. Intended Beneficiaries,1
3927,H1559,1. Follow-up1,11,aguacate,43,Female,2.2007997,18.755153,-70.837808,azua,guayabal,abril,2004,2004,0,,,105.4615021,2. Intended Beneficiaries,1
3927,H1559,1. Follow-up1,11,cafe,43,Female,2.2007997,18.755153,-70.837808,azua,guayabal,abril,2010,2010,0,,,105.4615021,2. Intended Beneficiaries,1
3927,H1559,1. Follow-up1,11,guineo,43,Female,2.2007997,18.755153,-70.837808,azua,guayabal,abril,2004,2004,0,,,105.4615021,2. Intended Beneficiaries,1
3927,H1559,1. Follow-up1,21,habichuela negra,43,Female,0.62879992,18.720926,-70.779257,azua,guayabal,abril,2014,1995,1,agosto,,105.4615021,2. Intended Beneficiaries,1
3927,H1559,1. Follow-up1,21,habichuela roja,43,Female,0.62879992,18.720926,-70.779257,azua,guayabal,abril,2014,1995,1,agosto,,105.4615021,2. Intended Beneficiaries,1
3927,H1559,1. Follow-up1,11,rulo,43,Female,2.2007997,18.755153,-70.837808,azua,guayabal,abril,2010,2004,0,,,105.4615021,2. Intended Beneficiaries,1
3934,H1537,1. Follow-up1,11,auyama,43,Male,31.439997,18.663993,-70.859514,azua,las yayas de viajama,abril,2014,2010,1,agosto,,203.8021088,2. Intended Beneficiaries,1
3934,H1537,1. Follow-up1,11,arboles maderables,43,Male,31.439997,18.663993,-70.859514,azua,las yayas de viajama,no recuerda,2010,2010,0,,,203.8021088,2. Intended Beneficiaries,1
3934,H1537,1. Follow-up1,11,maiz grano/mazorca,43,Male,31.439997,18.663993,-70.859514,azua,las yayas de viajama,abril,2014,2010,1,julio,,203.8021088,2. Intended Beneficiaries,1
3934,H1537,1. Follow-up1,11,pasto,43,Male,31.439997,18.663993,-70.859514,azua,las yayas de viajama,no recuerda,2010,2010,0,,,203.8021088,2. Intended Beneficiaries,1
3937,H2025,1. Follow-up1,11,arroz,50,Male,2.8924797,18.758929,-71.490442,san juan,las matas de farfan,junio,2014,1980,1,diciembre,,1829.776123,2. Intended Beneficiaries,1
3937,H2025,1. Follow-up1,12,pasto,50,Male,3.1439996,18.758489,-71.486891,san juan,las matas de farfan,no recuerda,2004,2004,0,,,1829.776123,2. Intended Beneficiaries,1
3937,H2025,1. Follow-up1,11,maiz grano/mazorca,50,Male,2.8924797,18.758929,-71.490442,san juan,las matas de farfan,enero,2014,1980,1,junio,,1829.776123,2. Intended Beneficiaries,1
3937,H2025,1. Follow-up1,11,mani,50,Male,2.8924797,18.758929,-71.490442,san juan,las matas de farfan,enero,2014,2010,1,abril,,1829.776123,2. Intended Beneficiaries,1
3940,H2009,1. Follow-up1,11,cafe,63,Male,3.1439996,18.680107,-71.652912,elías piña,hondo valle,no recuerda,1970,1970,0,,,101.672699,0. Pure Control,0
3940,H2009,1. Follow-up1,12,habichuela negra,63,Male,8.8031988,18.704881,-71.64855,elías piña,hondo valle,agosto,2014,1970,1,noviembre,,101.672699,0. Pure Control,0
3940,H2009,1. Follow-up1,11,aguacate,63,Male,3.1439996,18.680107,-71.652912,elías piña,hondo valle,no recuerda,1970,1970,0,,,101.672699,0. Pure Control,0
3940,H2009,1. Follow-up1,11,guineo,63,Male,3.1439996,18.680107,-71.652912,elías piña,hondo valle,no recuerda,1970,1970,0,,,101.672699,0. Pure Control,0
3940,H2009,1. Follow-up1,12,maiz grano/mazorca,63,Male,8.8031988,18.704881,-71.64855,elías piña,hondo valle,agosto,2014,1970,1,noviembre,,101.672699,0. Pure Control,0
3949,H1583,1. Follow-up1,11,pasto,46,Male,4.4015994,18.607033,-70.750887,azua,padre las casas,no recuerda,1969,1969,0,,,0,2. Intended Beneficiaries,1
3950,H1567,1. Follow-up1,11,aguacate,36,Male,1.8863997,18.70911,-70.799988,azua,guayabal,mayo,2013,2013,0,,,0,1. Contaminated Control,0
3952,H1680,1. Follow-up1,11,guandul,36,Female,1.8863997,18.681203,-70.889908,azua,padre las casas,abril,2014,2013,1,noviembre,,458.1266174,2. Intended Beneficiaries,1
3952,H1680,1. Follow-up1,11,habichuela negra,36,Female,1.8863997,18.681203,-70.889908,azua,padre las casas,abril,2014,2013,1,julio,,458.1266174,2. Intended Beneficiaries,1
3952,H1680,1. Follow-up1,11,auyama,36,Female,1.8863997,18.681203,-70.889908,azua,padre las casas,abril,2014,2013,1,diciembre,,458.1266174,2. Intended Beneficiaries,1
3952,H1680,1. Follow-up1,11,aguacate,36,Female,1.8863997,18.681203,-70.889908,azua,padre las casas,abril,2013,2013,0,,,458.1266174,2. Intended Beneficiaries,1
3959,H1393,1. Follow-up1,11,mango,52,Male,2.2636797,18.451866,-70.793211,azua,nuevo sabana yegua,no recuerda,2002,2002,0,,,52.12330246,0. Pure Control,0
3959,H1393,1. Follow-up1,12,mango,52,Male,1.8863997,18.453374,-70.807918,azua,nuevo sabana yegua,no recuerda,2002,2002,0,,,52.12330246,0. Pure Control,0
3960,H1464,1. Follow-up1,11,tomate industrial,40,Male,1.8863997,18.398572,-70.828074,azua,nuevo sabana yegua,diciembre,2014,2014,1,marzo,,5656.564941,0. Pure Control,0
3962,H1428,1. Follow-up1,11,limon,53,Male,2.2007997,18.460707,-70.885188,azua,villa tabara arriba,no recuerda,2012,2012,0,,,0,0. Pure Control,0
3964,H1394,1. Follow-up1,11,plátano,52,Male,1.8863997,18.411609,-70.737733,azua,azua,mayo,2012,2007,0,,,3657.934082,0. Pure Control,0
3968,H1504,1. Follow-up1,21,cafe,51,Male,2.5151997,18.344586,-70.496266,azua,las yayas de viajama,mayo,1990,1990,0,,,1063.729126,2. Intended Beneficiaries,1
3968,H1504,1. Follow-up1,11,guandul,51,Male,3.1439996,18.648573,-70.872808,azua,las yayas de viajama,marzo,2014,1995,1,octubre,,1063.729126,2. Intended Beneficiaries,1
3974,H1655,1. Follow-up1,11,limon,56,Male,1.8863997,18.738645,-70.928724,azua,padre las casas,abril,2011,2011,0,,,231.2040863,1. Contaminated Control,0
3974,H1655,1. Follow-up1,11,aguacate,56,Male,1.8863997,18.738645,-70.928724,azua,padre las casas,abril,2011,2011,0,,,231.2040863,1. Contaminated Control,0
3978,H1623,1. Follow-up1,21,yuca,48,Male,2.5151997,18.625235,-70.834735,azua,padre las casas,enero,2014,1995,1,diciembre,,1541.360596,1. Contaminated Control,0
3980,H1634,1. Follow-up1,11,pasto,51,Male,3.1439996,18.740351,-70.931362,azua,padre las casas,no recuerda,2012,2012,0,,,0,1. Contaminated Control,0
3981,H1659,1. Follow-up1,11,guineo,56,Male,3.2697597,18.737134,-70.927778,azua,padre las casas,no recuerda,1975,1975,0,,,144.9142456,2. Intended Beneficiaries,1
3981,H1659,1. Follow-up1,11,aguacate,56,Male,3.2697597,18.737134,-70.927778,azua,padre las casas,abril,2000,2000,0,,,144.9142456,2. Intended Beneficiaries,1
3981,H1659,1. Follow-up1,11,cafe,56,Male,3.2697597,18.737134,-70.927778,azua,padre las casas,no recuerda,1975,1975,0,,,144.9142456,2. Intended Beneficiaries,1
3982,H1652,1. Follow-up1,11,aguacate,67,Male,3.1439996,18.736823,-70.926761,azua,padre las casas,abril,2007,2007,0,,,279.0567627,2. Intended Beneficiaries,1
3982,H1652,1. Follow-up1,11,cafe,67,Male,3.1439996,18.736823,-70.926761,azua,padre las casas,marzo,2003,2007,0,,,279.0567627,2. Intended Beneficiaries,1
3982,H1652,1. Follow-up1,12,guineo,67,Male,1.2575998,18.736489,-70.926405,azua,padre las casas,abril,2011,2011,0,,,279.0567627,2. Intended Beneficiaries,1
3982,H1652,1. Follow-up1,12,cafe,67,Male,1.2575998,18.736489,-70.926405,azua,padre las casas,abril,2011,2011,0,,,279.0567627,2. Intended Beneficiaries,1
3982,H1652,1. Follow-up1,11,guineo,67,Male,3.1439996,18.736823,-70.926761,azua,padre las casas,marzo,2008,2008,0,,,279.0567627,2. Intended Beneficiaries,1
3983,H1695,1. Follow-up1,11,limon,29,Male,4.4015994,18.73422,-70.937126,azua,padre las casas,abril,2013,2013,0,,,246.617691,3. Treated Beneficiaries,1
3983,H1695,1. Follow-up1,11,aguacate,29,Male,4.4015994,18.73422,-70.937126,azua,padre las casas,abril,2011,2011,0,,,246.617691,3. Treated Beneficiaries,1
3987,H2136,1. Follow-up1,11,ají,66,Female,12.575998,18.516534,-70.6778,san juan,las matas de farfan,enero,2014,2011,1,abril,,4966.605957,0. Pure Control,0
3987,H2136,1. Follow-up1,11,hortalizas vegetales orientales,66,Female,12.575998,18.516534,-70.6778,san juan,las matas de farfan,noviembre,2014,2011,1,,,4966.605957,0. Pure Control,0
3991,H1712,1. Follow-up1,12,pasto,51,Male,3.1439996,18.606781,-70.727911,azua,peralta,no recuerda,1990,1990,0,,,270.0674438,3. Treated Beneficiaries,1
3991,H1712,1. Follow-up1,11,cafe,51,Male,6.2879992,18.754737,-70.861374,azua,peralta,abril,1990,1990,0,,,270.0674438,3. Treated Beneficiaries,1
3991,H1712,1. Follow-up1,12,habichuela roja,51,Male,3.1439996,18.606781,-70.727911,azua,peralta,abril,2014,1990,1,julio,,270.0674438,3. Treated Beneficiaries,1
3996,H1713,1. Follow-up1,11,berenjena,48,Male,1.5719998,18.61272,-70.74106,azua,peralta,septiembre,2014,2014,1,13,,274.0196533,3. Treated Beneficiaries,1
3996,H1713,1. Follow-up1,11,arboles maderables,48,Male,1.5719998,18.61272,-70.74106,azua,peralta,septiembre,2003,2003,0,,,274.0196533,3. Treated Beneficiaries,1
3996,H1713,1. Follow-up1,12,habichuela roja,48,Male,2.5151997,18.620642,-70.728013,azua,las yayas de viajama,abril,2014,2014,1,agosto,,274.0196533,3. Treated Beneficiaries,1
3996,H1713,1. Follow-up1,12,arboles maderables,48,Male,2.5151997,18.620642,-70.728013,azua,las yayas de viajama,abril,2012,2012,0,,,274.0196533,3. Treated Beneficiaries,1
4001,H1817,1. Follow-up1,11,cafe,46,Male,6.791039,18.593641,-70.746795,azua,peralta,no recuerda,2000,2000,0,,,455.9065552,2. Intended Beneficiaries,1
4001,H1817,1. Follow-up1,11,maiz grano/mazorca,46,Male,6.791039,18.593641,-70.746795,azua,peralta,marzo,2014,2000,1,julio,,455.9065552,2. Intended Beneficiaries,1
4001,H1817,1. Follow-up1,11,habichuela roja,46,Male,6.791039,18.593641,-70.746795,azua,peralta,marzo,2014,2000,1,junio,,455.9065552,2. Intended Beneficiaries,1
4001,H1817,1. Follow-up1,11,guineo,46,Male,6.791039,18.593641,-70.746795,azua,peralta,no recuerda,2000,2000,0,,,455.9065552,2. Intended Beneficiaries,1
4005,H1724,1. Follow-up1,12,tomate ensalada,42,Male,1.3204799,18.604681,-70.728398,azua,peralta,agosto,2014,2000,1,diciembre,,737.7452393,1. Contaminated Control,0
4005,H1724,1. Follow-up1,11,,42,Male,6.2879992,18.605342,-70.72984,azua,peralta,,,,0,,,737.7452393,1. Contaminated Control,0
4006,H1704,1. Follow-up1,11,habichuela negra,46,Male,1.8863997,18.607828,-70.726543,azua,peralta,julio,2014,1984,1,diciembre,,301.4216309,2. Intended Beneficiaries,1
4006,H1704,1. Follow-up1,11,maiz grano/mazorca,46,Male,1.8863997,18.607828,-70.726543,azua,peralta,julio,2014,1984,1,diciembre,,301.4216309,2. Intended Beneficiaries,1
4012,H1758,1. Follow-up1,11,plátano,45,Male,2.5151997,18.536668,-70.764944,azua,peralta,mayo,2013,2004,0,,,333.9614563,2. Intended Beneficiaries,1
4022,H1998,1. Follow-up1,12,maiz grano/mazorca,71,Male,0.62879992,18.71692,-71.700621,elías piña,hondo valle,agosto,2014,1960,1,febrero,,384.3887024,0. Pure Control,0
4022,H1998,1. Follow-up1,11,plátano,71,Male,1.2575998,18.685825,-71.652824,elías piña,hondo valle,junio,1980,1960,0,,,384.3887024,0. Pure Control,0
4022,H1998,1. Follow-up1,12,habichuela negra,71,Male,0.62879992,18.71692,-71.700621,elías piña,hondo valle,agosto,2014,1960,1,diciembre,,384.3887024,0. Pure Control,0
4022,H1998,1. Follow-up1,11,guineo,71,Male,1.2575998,18.685825,-71.652824,elías piña,hondo valle,junio,1980,1960,0,,,384.3887024,0. Pure Control,0
4031,H1972,1. Follow-up1,12,yuca,50,Male,1.7606398,18.713684,-71.69728,elías piña,comendador,septiembre,2014,1975,1,junio,,5107.479004,3. Treated Beneficiaries,1
4031,H1972,1. Follow-up1,11,ají,50,Male,7.2311993,18.875421,-71.679617,elías piña,comendador,julio,2014,2014,1,octubre,,5107.479004,3. Treated Beneficiaries,1
4031,H1972,1. Follow-up1,11,ají,50,Male,7.2311993,18.875421,-71.679617,elías piña,comendador,junio,2014,2014,1,octubre,,5107.479004,3. Treated Beneficiaries,1
4031,H1972,1. Follow-up1,12,maiz grano/mazorca,50,Male,1.7606398,18.713684,-71.69728,elías piña,comendador,septiembre,2014,1975,1,enero,,5107.479004,3. Treated Beneficiaries,1
4034,H2021,1. Follow-up1,11,maiz grano/mazorca,57,Male,24.774717,18.907774,-71.62027,san juan,las matas de farfan,junio,2014,1995,1,noviembre,,387.5420837,2. Intended Beneficiaries,1
4034,H2021,1. Follow-up1,11,pasto,57,Male,24.774717,18.907774,-71.62027,san juan,las matas de farfan,no recuerda,1995,1995,0,,,387.5420837,2. Intended Beneficiaries,1
4036,H2138,1. Follow-up1,11,guandul,34,Male,3.7727995,18.88709,-71.46507,san juan,las matas de farfan,marzo,2014,1995,1,julio,,1222.812744,0. Pure Control,0
4039,H2132,1. Follow-up1,11,maiz grano/mazorca,74,Male,18.863998,18.763881,-71.152082,san juan,las matas de farfan,abril,2014,2008,1,octubre,,1100.971802,0. Pure Control,0
4043,H1722,1. Follow-up1,12,pasto,74,Male,1.5719998,18.612488,-70.726214,azua,peralta,marzo,2014,2014,0,,,312.9429016,1. Contaminated Control,0
4043,H1722,1. Follow-up1,11,guandul,74,Male,2.2007997,18.615945,-70.73347,azua,peralta,abril,2014,1963,1,octubre,,312.9429016,1. Contaminated Control,0
4043,H1722,1. Follow-up1,11,cafe,74,Male,2.2007997,18.615945,-70.73347,azua,peralta,septiembre,1963,1963,0,,,312.9429016,1. Contaminated Control,0
4045,H1837,1. Follow-up1,12,pasto,58,Male,12.575998,18.75217,-70.896622,azua,peralta,no recuerda,1980,1980,0,,,2451.754639,2. Intended Beneficiaries,1
4045,H1837,1. Follow-up1,11,plátano,58,Male,1.8863997,,,azua,peralta,abril,2014,2011,0,,,2451.754639,2. Intended Beneficiaries,1
4045,H1837,1. Follow-up1,11,pasto,58,Male,1.8863997,,,azua,peralta,no recuerda,2013,1980,0,,,2451.754639,2. Intended Beneficiaries,1
4045,H1837,1. Follow-up1,12,cafe,58,Male,12.575998,18.75217,-70.896622,azua,peralta,no recuerda,1980,1980,0,,,2451.754639,2. Intended Beneficiaries,1
4047,H1838,1. Follow-up1,11,plátano,36,Male,1.8863997,18.68592,-71.047668,azua,peralta,diciembre,2014,2014,0,,,2283.49707,1. Contaminated Control,0
4055,H2020,1. Follow-up1,11,habichuela blanca,80,Male,1.8863997,18.922563,-71.611387,san juan,matayaya,septiembre,2014,2005,1,febrero,,513.7868652,2. Intended Beneficiaries,1
4055,H2020,1. Follow-up1,11,maiz grano/mazorca,80,Male,1.8863997,18.922563,-71.611387,san juan,matayaya,junio,2014,1994,1,octubre,,513.7868652,2. Intended Beneficiaries,1
4058,H2023,1. Follow-up1,11,aguacate,61,Male,18.863998,18.879918,-71.562083,elías piña,hondo valle,no recuerda,2002,1985,0,,,1807.768555,2. Intended Beneficiaries,1
4058,H2023,1. Follow-up1,11,mango,61,Male,18.863998,18.879918,-71.562083,elías piña,hondo valle,no recuerda,1985,1985,0,,,1807.768555,2. Intended Beneficiaries,1
4058,H2023,1. Follow-up1,11,plátano,61,Male,18.863998,18.879918,-71.562083,elías piña,hondo valle,no recuerda,2012,2012,0,,,1807.768555,2. Intended Beneficiaries,1
4058,H2023,1. Follow-up1,11,habichuela roja,61,Male,18.863998,18.879918,-71.562083,elías piña,hondo valle,noviembre,2014,2004,1,,,1807.768555,2. Intended Beneficiaries,1
4058,H2023,1. Follow-up1,11,arboles maderables,61,Male,18.863998,18.879918,-71.562083,elías piña,hondo valle,no recuerda,1980,1980,0,,,1807.768555,2. Intended Beneficiaries,1
4058,H2023,1. Follow-up1,11,caña(no de azucar),61,Male,18.863998,18.879918,-71.562083,elías piña,hondo valle,no recuerda,1985,1985,0,,,1807.768555,2. Intended Beneficiaries,1
4058,H2023,1. Follow-up1,11,habichuela negra,61,Male,18.863998,18.879918,-71.562083,elías piña,hondo valle,noviembre,2014,1985,1,,,1807.768555,2. Intended Beneficiaries,1
4061,H2024,1. Follow-up1,12,maiz grano/mazorca,55,Male,1.8863997,18.782872,-71.316988,san juan,las matas de farfan,agosto,2014,1994,1,noviembre,,370.0265198,3. Treated Beneficiaries,1
4061,H2024,1. Follow-up1,11,maiz grano/mazorca,55,Male,1.5719998,18.842133,-71.541675,san juan,las matas de farfan,noviembre,2014,1994,1,febrero,,370.0265198,3. Treated Beneficiaries,1
4061,H2024,1. Follow-up1,11,maiz grano/mazorca,55,Male,1.5719998,18.842133,-71.541675,san juan,las matas de farfan,julio,2014,1994,1,octubre,,370.0265198,3. Treated Beneficiaries,1
4062,H2031,1. Follow-up1,11,mani,61,Female,1.2575998,18.932328,-71.576158,elías piña,el llano,enero,2014,1991,1,mayo,,1118.289307,2. Intended Beneficiaries,1
4062,H2031,1. Follow-up1,11,arroz,61,Female,1.2575998,18.932328,-71.576158,elías piña,el llano,mayo,2014,1991,1,septiembre,,1118.289307,2. Intended Beneficiaries,1
4065,H2030,1. Follow-up1,11,,62,Male,3.1439996,18.932324,-71.567653,san juan,matayaya,,,,0,,,991.180481,2. Intended Beneficiaries,1
4074,H1627,1. Follow-up1,11,arboles maderables,56,Female,1.8863997,18.839817,-70.922793,azua,padre las casas,no recuerda,2013,2013,0,,,0,1. Contaminated Control,0
4078,H1668,1. Follow-up1,11,cafe,45,Male,4.4015994,18.746476,-70.890228,azua,padre las casas,no recuerda,2003,2003,0,,,374.2080994,2. Intended Beneficiaries,1
4078,H1668,1. Follow-up1,13,guandul,45,Male,1.2575998,18.893727,-70.852062,azua,padre las casas,abril,2014,2014,1,noviembre,,374.2080994,2. Intended Beneficiaries,1
4078,H1668,1. Follow-up1,13,auyama,45,Male,1.2575998,18.893727,-70.852062,azua,padre las casas,abril,2014,2014,1,noviembre,,374.2080994,2. Intended Beneficiaries,1
4078,H1668,1. Follow-up1,13,maiz grano/mazorca,45,Male,1.2575998,18.893727,-70.852062,azua,padre las casas,abril,2014,2014,1,septiembre,,374.2080994,2. Intended Beneficiaries,1
4078,H1668,1. Follow-up1,12,tayota,45,Male,3.7727995,18.746051,-70.87941,azua,padre las casas,abril,1990,1990,0,,,374.2080994,2. Intended Beneficiaries,1
4078,H1668,1. Follow-up1,12,cafe,45,Male,3.7727995,18.746051,-70.87941,azua,padre las casas,abril,1993,1993,0,,,374.2080994,2. Intended Beneficiaries,1
4078,H1668,1. Follow-up1,11,aguacate,45,Male,4.4015994,18.746476,-70.890228,azua,padre las casas,no recuerda,2005,2005,0,,,374.2080994,2. Intended Beneficiaries,1
4078,H1668,1. Follow-up1,13,habichuela negra,45,Male,1.2575998,18.893727,-70.852062,azua,padre las casas,abril,2014,2014,1,julio,,374.2080994,2. Intended Beneficiaries,1
4078,H1668,1. Follow-up1,12,aguacate,45,Male,3.7727995,18.746051,-70.87941,azua,padre las casas,abril,1997,1997,0,,,374.2080994,2. Intended Beneficiaries,1
4079,H1544,1. Follow-up1,11,cundeamor chino,60,Male,125.57134,18.741578,-70.933241,azua,padre las casas,abril,2014,2014,1,mayo,,12910.54102,3. Treated Beneficiaries,1
4079,H1544,1. Follow-up1,11,pasto,60,Male,125.57134,18.741578,-70.933241,azua,padre las casas,no recuerda,1977,1997,0,,,12910.54102,3. Treated Beneficiaries,1
4079,H1544,1. Follow-up1,11,limon,60,Male,125.57134,18.741578,-70.933241,azua,padre las casas,agosto,2012,2012,0,,,12910.54102,3. Treated Beneficiaries,1
4079,H1544,1. Follow-up1,11,tindora,60,Male,125.57134,18.741578,-70.933241,azua,padre las casas,abril,2014,2014,0,,,12910.54102,3. Treated Beneficiaries,1
4080,H1562,1. Follow-up1,11,maiz grano/mazorca,62,Male,62.879993,18.733081,-70.910666,azua,guayabal,abril,2014,1981,1,agosto,,654.0588379,1. Contaminated Control,0
4080,H1562,1. Follow-up1,11,habichuela roja,62,Male,62.879993,18.733081,-70.910666,azua,guayabal,abril,2014,1981,1,agosto,,654.0588379,1. Contaminated Control,0
4080,H1562,1. Follow-up1,11,pasto,62,Male,62.879993,18.733081,-70.910666,azua,guayabal,no recuerda,1981,1981,0,,,654.0588379,1. Contaminated Control,0
4084,H1639,1. Follow-up1,12,limon,66,Male,62.879993,18.712127,-70.971703,azua,padre las casas,no recuerda,2011,2011,0,,,0,1. Contaminated Control,0
4084,H1639,1. Follow-up1,12,pasto,66,Male,62.879993,18.712127,-70.971703,azua,padre las casas,no recuerda,1977,1977,0,,,0,1. Contaminated Control,0
4084,H1639,1. Follow-up1,11,pasto,66,Male,22.636797,18.729731,-70.961163,azua,padre las casas,no recuerda,1995,1995,0,,,0,1. Contaminated Control,0
4088,H1770,1. Follow-up1,11,guandul,43,Male,1.2575998,18.534755,-70.767221,azua,peralta,marzo,2014,2011,1,diciembre,,217.0749512,1. Contaminated Control,0
4088,H1770,1. Follow-up1,11,habichuela roja,43,Male,1.2575998,18.534755,-70.767221,azua,peralta,marzo,2014,2014,1,julio,,217.0749512,1. Contaminated Control,0
4111,H2022,1. Follow-up1,11,arroz,44,Male,1.5719998,18.870944,-71.566797,san juan,las matas de farfan,mayo,2014,1982,1,octubre,,2416.609619,2. Intended Beneficiaries,1
4111,H2022,1. Follow-up1,12,batata,44,Male,1.1318399,18.847534,-71.569126,san juan,las matas de farfan,febrero,2014,2007,1,junio,,2416.609619,2. Intended Beneficiaries,1
4114,H1463,1. Follow-up1,11,tomate industrial,69,Male,3.8356795,18.431298,-70.845022,azua,nuevo sabana yegua,octubre,2014,2000,1,marzo,,9506.994141,0. Pure Control,0
